Computation Time (s),Average Daily Temperature Variation (Â°C),Average Daily Energy Consumption (kWh),Average Daily Reward
227.74946117401123,2.8175704081853232,682332.6435089111,[-6.87693]
231.9388132095337,1.6270233392715454,441551.4802932739,[-4.067344]
254.27472400665283,1.2682005961736043,340832.5958251953,[-3.0529087]
242.00089859962463,1.1937619580162897,323587.1248245239,[-2.791468]
239.47046971321106,1.110954549577501,328320.73497772217,[-2.6684837]
231.73776125907898,1.0856692923439875,322657.49502182007,[-2.5614707]
260.9194543361664,1.1617232826020982,331579.77771759033,[-2.7094135]
243.73712301254272,1.1937340100606282,312279.6983718872,[-2.7813356]
235.08637237548828,1.1194090048472087,335055.49144744873,[-2.7109299]
246.7385139465332,1.149535854657491,336861.00006103516,[-2.7031562]
271.13375782966614,1.280522730615404,329819.0097808838,[-2.8469627]
253.5386996269226,1.0864158736334906,372195.05500793457,[-2.5709987]
261.99650716781616,1.2583139737447102,344657.7978134155,[-2.967776]
276.499135017395,1.1045496596230402,339263.445854187,[-2.5887337]
259.56985783576965,0.9894178973303901,342094.9492454529,[-2.3363016]
265.10293531417847,0.8434060414632162,337109.49897766113,[-2.0334334]
261.39478039741516,1.0089749892552693,325699.3565559387,[-2.3935971]
249.48774814605713,1.2501550780402289,322013.20219039917,[-2.8885326]
251.2714295387268,1.0336254172854953,330689.51416015625,[-2.38236]
248.11273670196533,0.9305218193266127,330732.0394515991,[-2.2745373]
262.05038118362427,1.1075418260362413,333989.9711608887,[-2.5131137]
244.7723524570465,1.08533861902025,310552.3281097412,[-2.5408235]
257.61925649642944,1.0709212223688762,331292.6797866821,[-2.519027]
250.98147439956665,1.098709609773424,350214.68353271484,[-2.5815258]
261.9506049156189,0.9767619901233249,323453.5217285156,[-2.3204768]
252.57318377494812,1.0199899011188083,350771.7170715332,[-2.4935505]
251.6710228919983,1.0466363032658894,345681.23054504395,[-2.4653246]
266.9196627140045,1.1108890374501545,352806.60343170166,[-2.600846]
255.18758153915405,1.116238408618503,328707.36598968506,[-2.6602955]
250.86870455741882,1.0969306230545044,339976.58348083496,[-2.5672514]
252.04499292373657,1.0618939797083538,326138.879776001,[-2.5223746]
270.1692178249359,1.1719943284988403,331358.03508758545,[-2.6826527]
254.65148997306824,1.072312765651279,326187.16955184937,[-2.5519102]
249.15856218338013,1.083795388539632,321623.8555908203,[-2.5496194]
269.7362062931061,1.3437867561976116,323931.1532974243,[-3.0636082]
253.5614891052246,1.0175163878334894,342974.4701385498,[-2.4027796]
261.2316062450409,0.9693007071812948,328122.2677230835,[-2.309924]
250.25565314292908,1.0356830226050482,327868.0715560913,[-2.3830235]
274.64362931251526,0.8230467107560899,333597.21183776855,[-2.0136936]
257.85331630706787,1.1413340833452013,343413.7773513794,[-2.716278]
255.2158818244934,1.032639503479004,331655.87425231934,[-2.4268193]
260.95269417762756,1.287407981024848,332572.9236602783,[-2.918629]
269.38791728019714,1.0573824908998277,327868.3786392212,[-2.4629772]
285.1299386024475,0.9463973177803887,332899.9300003052,[-2.2688599]
276.8049213886261,1.0805308818817139,337365.71407318115,[-2.5248044]
277.8177628517151,1.3289623260498047,332331.3102722168,[-2.9607203]
272.62895035743713,0.9388942586051093,328080.5435180664,[-2.1930158]
266.0368916988373,0.9134827057520548,349314.42165374756,[-2.1973522]
273.86672496795654,1.5678741799460516,310655.9143066406,[-3.5076683]
290.20499992370605,1.2903434700436063,345724.55501556396,[-2.9663975]
275.42812418937683,1.0126853121651544,317007.0610046387,[-2.358157]
273.9736170768738,1.160896407233344,331284.11960601807,[-2.6954272]
261.49806332588196,1.0649604002634685,331072.45445251465,[-2.4954388]
262.82943058013916,1.4336401091681585,315223.9074707031,[-3.2615845]
270.4525887966156,0.94092767768436,324277.8673171997,[-2.3312583]
278.27331042289734,1.0170298947228327,333948.14014434814,[-2.384814]
265.5833089351654,1.1801573435465496,322226.9411087036,[-2.6857154]
262.79695892333984,1.086566620402866,332711.5364074707,[-2.543012]
272.30918431282043,1.1030432250764635,329172.65796661377,[-2.577115]
262.70194697380066,1.2441109153959486,320848.6018180847,[-2.8066952]
260.1855001449585,0.9330233203040229,323566.2479400635,[-2.2007668]
274.2949688434601,1.1320419443978205,342108.3631515503,[-2.6538756]
262.68486499786377,0.9027701616287231,344603.8045883179,[-2.2000368]
263.40786504745483,0.9465796285205417,334994.77672576904,[-2.260419]
352.8911259174347,0.9804943005243937,321612.31803894043,[-2.4528449]
280.54048442840576,1.2024130556318495,322510.853767395,[-2.705575]
263.2286548614502,1.303043696615431,341692.0461654663,[-2.956168]
288.7253420352936,1.0225682655970256,318583.2757949829,[-2.383464]
295.9995594024658,1.0359889798694186,327549.46517944336,[-2.4565544]
272.5098614692688,1.212494134902954,309807.62815475464,[-2.8281317]
275.67392206192017,0.8408316638734605,332651.4415740967,[-2.0330124]
274.1384527683258,1.1840790907541912,334202.8932571411,[-2.6430876]
267.90034317970276,1.1686846415201824,342604.41970825195,[-2.6949542]
262.34707617759705,1.3458332353168063,324862.15829849243,[-3.0629265]
262.7745270729065,1.1954810751809015,337644.48165893555,[-2.7166827]
277.33895540237427,1.1391927003860474,346198.9288330078,[-2.6184247]
263.9113953113556,0.9591889911227756,340421.1759567261,[-2.2909095]
254.05278515815735,1.1897817055384319,349676.89514160156,[-2.749421]
278.89196038246155,0.9529015355639987,334810.4085922241,[-2.2988875]
275.32647252082825,1.1087805032730103,352864.67838287354,[-2.5448616]
259.69967770576477,1.0883316198984783,356511.67726516724,[-2.5410311]
262.3823974132538,1.2775253852208455,345076.8222808838,[-2.8641875]
281.1759843826294,1.1921873887379963,347751.49631500244,[-2.7175648]
265.518009185791,0.9058709409501817,346328.6943435669,[-2.1293197]
272.8288345336914,1.028901219367981,343001.9898414612,[-2.4049113]
274.305490732193,0.9929383198420206,320760.4908943176,[-2.3266542]
271.1021921634674,1.1718380848566692,338350.68225860596,[-2.7217321]
279.55180168151855,0.9677082565095689,330183.94470214844,[-2.2988408]
267.2604327201843,1.3841875394185383,336824.6350288391,[-3.0898707]
275.72092628479004,1.0917614565955267,338826.4493942261,[-2.5413742]
273.1018192768097,1.1267785628636677,334127.38132476807,[-2.553389]
278.92663383483887,1.0088581641515095,359832.7913284302,[-2.3990564]
271.6768660545349,0.9924577607048882,361453.7353515625,[-2.3524597]
269.27361512184143,1.3333021269904242,323487.17641830444,[-3.0346174]
265.8571105003357,1.122491439183553,335952.01301574707,[-2.59645]
354.6822371482849,1.271544337272644,340552.939414978,[-2.9087303]
389.80631160736084,0.9077071746190389,337629.40979003906,[-2.2028751]
275.726083278656,0.9816986057493422,327205.47103881836,[-2.3157358]
289.5467290878296,0.9827266666624281,342568.6922073364,[-2.3025396]
264.3584563732147,1.0518953667746649,337225.69036483765,[-2.4498227]
259.8031096458435,1.0168230268690321,331916.8977737427,[-2.432016]
291.4972710609436,1.131152351697286,324799.31259155273,[-2.6668165]
275.46373558044434,1.470697773827447,332049.79610443115,[-3.283204]
267.63801765441895,1.012367049853007,326233.97636413574,[-2.394421]
287.0997247695923,1.140172349082099,323828.6075592041,[-2.6322215]
264.67496061325073,1.0219812525643244,325857.2072982788,[-2.4473343]
271.00628566741943,1.386855615509881,334816.53022766113,[-3.1791308]
266.0524094104767,1.0020980570051405,338500.29468536377,[-2.3760202]
291.38757371902466,1.2871039046181574,326802.885055542,[-2.9745839]
270.2676000595093,1.1292943292193942,339139.06383514404,[-2.616861]
263.24581956863403,1.2247476312849257,347434.6971511841,[-2.7687025]
281.5744638442993,1.2560826142628987,327714.57052230835,[-2.8288925]
265.9559061527252,0.9366840918858846,336287.2371673584,[-2.2036967]
279.63168120384216,1.1853877968258328,340543.3511734009,[-2.7599878]
285.84554624557495,0.9327965709898207,311814.28050994873,[-2.273872]
287.2533700466156,1.3409499989615545,316678.9402961731,[-2.9726846]
285.94260478019714,0.9573033120897081,327298.7446784973,[-2.2695305]
278.05814504623413,1.2256073951721191,342426.815032959,[-2.7738101]
288.4774446487427,1.191434211201138,358929.45671081543,[-2.8237808]
293.2871527671814,1.0592793623606365,349564.0821456909,[-2.5185773]
259.092476606369,1.0673730108473036,332971.91429138184,[-2.448274]
271.09800720214844,1.0229480928844876,354734.0965270996,[-2.4037497]
272.268949508667,1.0765200191073947,314551.4545440674,[-2.5075307]
285.0626473426819,0.9817918671502007,351501.31034851074,[-2.3258746]
268.0984661579132,1.1720292965571086,338306.0693740845,[-2.6666543]
265.25891876220703,1.1224888165791829,363694.7021484375,[-2.6465478]
290.5499835014343,1.2381778293185763,336946.53129577637,[-2.8219783]
272.0150351524353,1.0210166109932794,321344.4232940674,[-2.4503381]
270.95257663726807,0.9280652072694566,328089.4203186035,[-2.2361789]
292.9291124343872,1.1488631831275091,320538.0697250366,[-2.618954]
266.39404821395874,1.2199476295047336,318236.79065704346,[-2.7706249]
269.30766463279724,1.1805516746309068,310834.99240875244,[-2.685934]
271.4473326206207,0.9972546762890286,335382.5044631958,[-2.3431518]
289.0584125518799,0.9408206409878201,331338.9024734497,[-2.2385325]
280.00296092033386,1.2320799165301852,316781.6824913025,[-2.782471]
274.9515390396118,1.2078662316004436,332260.7822418213,[-2.7319975]
269.6732096672058,1.1845719814300537,331691.3523674011,[-2.7913008]
296.3707580566406,0.8613390260272555,354677.69145965576,[-2.131216]
336.2489709854126,1.1649532053205702,319500.3671646118,[-2.6635964]
283.38252353668213,1.0287539561589558,322308.09020996094,[-2.3713233]
315.8109908103943,0.9844201803207397,324097.00775146484,[-2.3631518]
731.7104177474976,1.277278529273139,318071.60902023315,[-2.9157794]
296.37124037742615,0.8589039113786485,340045.0887680054,[-2.0748613]
330.6846442222595,1.3426264524459839,314447.630405426,[-3.1005194]
277.92830896377563,1.1939236985312567,332370.48530578613,[-2.742181]
270.6924538612366,0.9824227492014567,310125.075340271,[-2.3654287]
283.6428141593933,0.9660689433415731,316105.9398651123,[-2.2771919]
267.73323464393616,1.1280436515808105,318601.7189025879,[-2.6364725]
297.7524139881134,1.161276592148675,329452.4374008179,[-2.6323516]
293.01799058914185,1.0426409774356418,346888.8511657715,[-2.4638116]
283.070894241333,1.226262476709154,348570.8637237549,[-2.8296595]
295.1028826236725,1.3189977804819744,313365.74840545654,[-3.0740535]
315.5312886238098,1.2735886176427205,343849.92027282715,[-2.9136312]
294.8052351474762,1.2957138352923923,328018.62382888794,[-2.9164698]
322.8328711986542,0.8830847342809042,341010.9157562256,[-2.097594]
295.2308657169342,0.942310995525784,319769.4001197815,[-2.2497609]
269.6833369731903,1.5238207048839993,307604.2785644531,[-3.3979628]
265.5881986618042,1.1373342010709975,338623.7277984619,[-2.622263]
296.6178979873657,0.9200841850704617,332017.2176361084,[-2.1404107]
260.1037058830261,1.4290573464499579,319533.2269668579,[-3.1847858]
268.0068302154541,1.0118881464004517,309673.104763031,[-2.4110582]
289.7687494754791,1.0781470272276137,331906.7425727844,[-2.4833648]
268.0551817417145,1.4759369823667738,311579.4005393982,[-3.2820797]
266.3933699131012,1.2082817289564345,340810.5716705322,[-2.7364035]
279.187903881073,0.8816601170433892,323393.01776885986,[-2.1115162]
295.1007127761841,1.0914471944173176,327644.4158554077,[-2.5425384]
266.93055748939514,1.264047384262085,308839.43462371826,[-2.8991776]
269.5136332511902,1.3224268224504259,324708.91761779785,[-3.018431]
294.51411294937134,0.9725833204057481,329464.3774032593,[-2.3059304]
263.9941256046295,1.06685291396247,351197.7186203003,[-2.4665363]
271.1393172740936,0.9282633066177368,325125.3662109375,[-2.2413194]
291.5717988014221,0.991283827357822,333961.49349212646,[-2.4290402]
276.6570451259613,1.197353310055203,322897.36461639404,[-2.7523892]
271.36769556999207,0.9620420535405477,318477.0803451538,[-2.3154626]
266.9992206096649,1.0695095989439223,327791.4991378784,[-2.471154]
292.6061420440674,1.1428124772177801,325205.2688598633,[-2.7149496]
265.4099860191345,1.2717600795957777,319821.4063644409,[-2.9475288]
273.7960066795349,0.833969963921441,330769.7401046753,[-2.0367072]
298.2933301925659,1.2850268284479778,357055.25398254395,[-2.9516852]
264.77261090278625,1.196600980228848,330757.474899292,[-2.8792038]
271.67728304862976,1.3260102272033691,318042.4189567566,[-3.0303752]
283.4784426689148,0.9946814245647855,324861.54556274414,[-2.4405458]
271.09969997406006,1.2890228165520563,315103.1084060669,[-3.0364208]
265.22486090660095,1.2371244695451524,324584.13076400757,[-2.8756502]
270.7339470386505,1.0997157361772325,329738.49725723267,[-2.641725]
293.386766910553,1.1162044339709811,326599.5831489563,[-2.6075664]
264.5011053085327,0.8678527937995063,330276.0715484619,[-2.1275718]
269.83343744277954,1.0945995913611517,317885.51902770996,[-2.5911753]
294.3593580722809,0.8930538892745972,324513.2188796997,[-2.2116053]
267.3600926399231,1.2375779549280803,319928.2054901123,[-2.902138]
276.9219455718994,1.1712888611687555,335216.2070274353,[-2.7620857]
290.76429080963135,1.0462930467393663,324066.97368621826,[-2.554651]
271.7406222820282,0.9578512774573432,337448.06385040283,[-2.2993093]
265.8863573074341,1.1356162230173747,345573.54259490967,[-2.7089014]
275.42086482048035,1.2122022575802274,319152.1062850952,[-2.8870325]
296.63142704963684,1.0650065607494779,320057.56855010986,[-2.499976]
267.90759348869324,1.1539769570032756,313246.03271484375,[-2.7234337]
271.99647665023804,1.2186042732662625,322048.65646362305,[-2.8786256]
289.61077547073364,1.3210200071334839,335797.52683639526,[-3.090251]
269.11683201789856,1.330448653962877,327917.3307418823,[-3.0316074]
270.6997971534729,1.060611857308282,324365.2572631836,[-2.5272102]
297.1151990890503,0.9046347406175401,331383.12339782715,[-2.280978]
269.5984857082367,1.4866924683252971,322952.3386955261,[-3.4072764]
268.4572603702545,1.181583457522922,338582.9191207886,[-2.7729223]
269.2441825866699,1.2152433792750041,317037.9247665405,[-2.7870064]
295.29578948020935,1.5997214449776544,325937.78467178345,[-3.6536114]
265.79930806159973,1.2528646522098117,332484.8804473877,[-2.8607438]
272.5446665287018,0.9045452011956109,324808.1474304199,[-2.207028]
287.2792763710022,1.135361631711324,328095.3984260559,[-2.708429]
276.1759624481201,0.9785588714811537,329776.1344909668,[-2.3701665]
269.564569234848,1.0974682437049017,322550.0235557556,[-2.580104]
293.8767035007477,1.3218610021803114,325733.7293624878,[-3.0437834]
271.546293258667,1.1859668095906575,338210.39962768555,[-2.746652]
264.8422017097473,1.1021184258990817,343452.6901245117,[-2.5894246]
280.06860542297363,1.1083132425944011,326102.15759277344,[-2.624962]
285.18073558807373,1.2889684836069744,317903.21826934814,[-2.9496596]
274.9419093132019,1.0632252825631037,341043.05934906006,[-2.522216]
272.6138005256653,1.108022689819336,341593.6155319214,[-2.6446328]
290.24326252937317,1.0243236886130438,329368.14403533936,[-2.4544437]
269.56344842910767,1.2688403526941936,329239.3980026245,[-2.9741983]
271.23130202293396,0.9283364746305678,325236.2813949585,[-2.2498376]
289.19885516166687,1.2340593602922227,323489.6788597107,[-2.9232578]
221.10247564315796,1.2474985122680664,317492.73681640625,[-2.8590481]
212.97633361816406,1.1329205963346693,323072.5202560425,[-2.6285841]
210.06572246551514,0.8992029560936822,327240.59772491455,[-2.1897137]
220.83532047271729,1.338803768157959,333199.2254257202,[-3.1835172]
212.10951375961304,1.3024954001108806,344146.81816101074,[-3.0869787]
210.79145526885986,1.0227976904975042,348564.46504592896,[-2.489066]
211.15062832832336,1.502614140510559,322419.472694397,[-3.4161186]
213.53692770004272,1.1596050659815471,329287.4913215637,[-2.7324991]
215.34494495391846,1.3825907707214355,328546.2636947632,[-3.2126534]
218.94009113311768,1.4209194580713909,329544.7311401367,[-3.315713]
212.67291975021362,1.4085647794935439,310826.2867927551,[-3.2593076]
214.9761607646942,1.3648890786700778,324438.26818466187,[-3.0706022]
216.3002405166626,1.0688718954722087,313795.8273887634,[-2.4873302]
211.40562081336975,1.2595195240444608,338674.05700683594,[-2.877881]
211.61973118782043,1.7190764745076497,324017.82512664795,[-3.8336105]
213.26120471954346,1.2262982262505426,334026.8392562866,[-2.8965266]
216.2728831768036,1.4305979675716824,321871.9472885132,[-3.2609043]
212.21673822402954,1.1946527030732896,323903.3041000366,[-2.8474524]
211.54448986053467,1.075205511516995,334091.16220474243,[-2.5932786]
213.42980337142944,1.4226402044296265,335151.25465393066,[-3.2167158]
212.9414484500885,0.8849022388458252,331278.4662246704,[-2.178388]
215.53787302970886,1.1917232539918687,319829.58793640137,[-2.8555765]
210.46466183662415,1.3698064221276178,323906.7096710205,[-3.1482694]
214.99080848693848,1.5758235189649794,322143.7077522278,[-3.5914376]
212.12531161308289,1.0509608454174466,334680.78327178955,[-2.473797]
213.89490342140198,1.544390532705519,336681.69260025024,[-3.5470307]
213.23461365699768,1.0869104862213135,324302.96325683594,[-2.5119965]
212.98816847801208,1.3350891007317438,330549.73888397217,[-3.1064823]
210.8925313949585,1.1336185137430828,327375.20456314087,[-2.6726449]
217.12556672096252,1.453092826737298,352709.095954895,[-3.408306]
212.54287385940552,1.0609763463338215,336045.5684661865,[-2.5695758]
212.26649570465088,1.311402161916097,324530.55906295776,[-3.0501776]
211.43770551681519,0.9447919527689616,332344.5315361023,[-2.2772844]
212.65664100646973,1.1510582897398207,327592.6284790039,[-2.7952669]
216.7842059135437,1.2757473919126723,324944.64015960693,[-2.9915943]
214.32277393341064,1.119625038570828,333333.89949798584,[-2.7274234]
210.72927331924438,1.4309264421463013,316558.4874153137,[-3.279575]
211.90770077705383,1.1597259177101984,331301.7473220825,[-2.7037184]
220.84832525253296,1.2822774118847318,324976.4680862427,[-3.0255642]
210.2729012966156,1.1085550520155165,318631.8111419678,[-2.6083224]
212.51025462150574,1.1846313609017267,307647.83000946045,[-2.7656252]
214.41137051582336,1.061120695537991,335209.66053009033,[-2.6239743]
216.88513612747192,1.3063634501563177,335797.8525161743,[-3.0738451]
212.7054407596588,1.2546687655978732,324216.1531448364,[-2.9544795]
213.26389384269714,1.1006878879335191,345056.8838119507,[-2.6599424]
212.5763189792633,1.2552053266101413,337300.3387451172,[-2.927437]
212.1254904270172,0.9888113869561089,329406.9776535034,[-2.4564567]
215.76248788833618,1.2979467709859211,326291.1596298218,[-3.0183027]
211.14165711402893,1.004422254032559,323897.94921875,[-2.4100206]
210.80634880065918,1.1073172489802043,311403.87439727783,[-2.6055567]
216.1507318019867,1.1442505386140611,316104.02965545654,[-2.6758082]
217.51096773147583,1.3061307006412082,332492.5117492676,[-3.0578346]
212.53877806663513,1.2404782507154677,319541.88346862793,[-2.8364027]
211.33820152282715,1.0782914559046428,337397.3560333252,[-2.610632]
215.49145984649658,1.1591389841503568,338875.1058578491,[-2.730874]
216.4188413619995,1.0208516650729709,335352.4913787842,[-2.4000027]
211.30341696739197,1.0613030592600505,324882.90786743164,[-2.5548613]
212.25880527496338,1.0229609145058527,316757.550239563,[-2.45139]
215.9325385093689,1.1805979543262057,337937.4055862427,[-2.7702515]
211.98039484024048,1.1706571181615193,325446.2728500366,[-2.7781363]
217.86062812805176,1.3201922972997029,315536.6086959839,[-3.061514]
215.55084443092346,1.1326462162865534,323676.8169403076,[-2.6888683]
211.88567662239075,1.1755713754230075,339772.09186553955,[-2.8129804]
212.49452662467957,1.2771434916390314,326619.1520690918,[-2.8920596]
217.32561540603638,1.2009255488713582,330107.42139816284,[-2.8499753]
219.57681822776794,1.1616091065936618,323931.5323829651,[-2.7078562]
221.3721969127655,1.0926602416568332,326052.3462295532,[-2.555897]
244.00095510482788,0.9871517419815063,325526.6160964966,[-2.366574]
223.84563612937927,1.2957868840959337,330037.7860069275,[-2.9817212]
225.0544056892395,0.7413244777255588,321049.91340637207,[-1.890201]
231.54866576194763,1.4349562989340887,350304.14390563965,[-3.400149]
247.20679903030396,1.1255878739886813,325861.4692687988,[-2.6127455]
224.1494424343109,1.0299179686440363,328243.49069595337,[-2.424094]
227.44292306900024,1.31357475121816,326908.35905075073,[-3.041954]
217.92975187301636,1.0953245692782931,310690.92750549316,[-2.5302474]
215.80177927017212,1.140686723921034,326393.2695388794,[-2.657754]
225.4612352848053,1.2004601690504286,334948.14920425415,[-2.7236502]
223.09614515304565,1.1355918380949233,331039.70289230347,[-2.6561744]
224.2132647037506,0.9163810676998563,346298.3160018921,[-2.242777]
220.4568371772766,1.091830809911092,316416.6679382324,[-2.6513708]
219.70508480072021,0.9538576867845323,323706.1004638672,[-2.231716]
226.2402307987213,1.005170808898078,327058.28857421875,[-2.4120264]
217.0541934967041,0.9863210254245334,335335.14499664307,[-2.3599226]
220.59320163726807,1.1143295235104032,327550.29344558716,[-2.6434195]
229.3048095703125,1.206191407309638,334045.6929206848,[-2.8015869]
240.5646767616272,1.1426573197046916,324507.35092163086,[-2.6745985]
231.6574468612671,1.197009523709615,322392.72117614746,[-2.7576616]
231.2210099697113,1.1649247143003676,324780.26723861694,[-2.6915452]
220.01333141326904,1.2138144572575886,328289.831161499,[-2.8013399]
222.35807251930237,1.0725979275173612,322359.5676422119,[-2.5189626]
214.48384141921997,0.9549204640918307,357507.381439209,[-2.322799]
216.34630465507507,1.1636061933305528,336265.60258865356,[-2.6744153]
217.53946924209595,1.0969252983729045,331017.27390289307,[-2.5890234]
250.2005443572998,0.9831658204396566,332151.2746810913,[-2.3620946]
223.17877793312073,1.1258291006088257,323371.901512146,[-2.5892706]
215.53014206886292,1.0569726758533053,323925.9395599365,[-2.5759935]
216.99794268608093,1.0144687096277873,331872.0064163208,[-2.4017584]
219.77905988693237,1.0671387513478596,336118.4778213501,[-2.4945536]
219.38858604431152,1.0050438245137532,329032.742023468,[-2.362593]
215.59356427192688,0.9074242644839816,340550.37450790405,[-2.1395986]
216.61899852752686,0.9516086048550076,338718.8444137573,[-2.262108]
213.10052752494812,1.158099028799269,328383.11100006104,[-2.699401]
214.47751450538635,0.8848217725753784,327564.7192001343,[-2.1439831]
217.74048042297363,1.09279293484158,329415.71521759033,[-2.5284586]
216.51043891906738,0.9249147044287788,371538.61808776855,[-2.260448]
211.837468624115,0.8176141050126817,326008.3351135254,[-1.9768773]
214.22864151000977,1.2486051983303494,324816.3261413574,[-2.8265355]
221.09361505508423,0.9619135591718886,342981.7190170288,[-2.3005836]
221.2991693019867,1.0878507163789537,334662.17851638794,[-2.5269759]
215.4255952835083,0.8281654914220175,332042.4175262451,[-2.0822508]
218.0298216342926,0.9488202995724149,332899.86991882324,[-2.3004096]
214.34744262695312,1.0965802007251315,346149.6629714966,[-2.5625584]
220.4724006652832,1.154799183209737,333479.29859161377,[-2.6723108]
215.73015308380127,1.2123114665349324,344978.02448272705,[-2.7977664]
215.32898569107056,1.1667141914367676,367159.86347198486,[-2.7052348]
215.1763050556183,1.2911813391579523,353857.5987815857,[-3.0097406]
214.86837792396545,1.0451513793733385,341671.8645095825,[-2.4677625]
226.75242614746094,1.3686452971564398,330312.4408721924,[-3.1387722]
223.25397753715515,1.0393849611282349,321737.9288673401,[-2.4992669]
226.03572750091553,1.107552131017049,320661.9553565979,[-2.593639]
223.8024582862854,0.9953184922536215,319807.7983856201,[-2.3893025]
229.03154921531677,1.1098760763804119,327325.7489204407,[-2.5571177]
220.37215089797974,1.2615533537334866,343228.86180877686,[-2.8494346]
227.81485223770142,1.0389500459035237,337066.7724609375,[-2.4352257]
223.70884323120117,1.5172434515423245,319002.2602081299,[-3.4206734]
220.10031652450562,1.1102602349387274,322326.4446258545,[-2.5845363]
294.6473240852356,1.0368336968951755,355549.2744445801,[-2.4252298]
219.89847874641418,0.9652303059895834,337193.05515289307,[-2.3326313]
221.38893795013428,1.1435896688037448,340731.2459945679,[-2.668355]
215.4643566608429,1.1767677730984158,351608.73651504517,[-2.6994822]
214.14656949043274,1.0964137315750122,335490.40699005127,[-2.629541]
223.19404983520508,1.2396977345148723,338910.7732772827,[-2.7943842]
217.71992254257202,1.2490529616673787,327911.2434387207,[-2.7846966]
212.00481414794922,0.8838689062330458,339339.0169143677,[-2.1305714]
216.0355932712555,1.32862655321757,321827.9700279236,[-3.011603]
232.6080939769745,1.1669867038726807,316127.4070739746,[-2.7298706]
214.73804783821106,1.0807058943642511,335811.40422821045,[-2.553785]
218.99783873558044,0.9699167013168335,326175.71353912354,[-2.3528347]
216.31043982505798,1.1138469378153484,333340.44456481934,[-2.5955627]
214.83792757987976,1.3250810437732272,327636.27195358276,[-3.0608635]
216.73942875862122,1.0725037786695693,333918.66397857666,[-2.4888506]
221.43377113342285,0.9424360195795695,341785.73274612427,[-2.2585464]
217.16958856582642,1.0544026692708333,346091.6910171509,[-2.4799216]
215.88826417922974,1.3751373026106093,351364.6230697632,[-3.0691164]
218.49170804023743,1.0710483127170138,340559.09538269043,[-2.5108447]
216.90106439590454,1.0885322491327922,342073.35662841797,[-2.512594]
220.577228307724,0.9883671601613363,335568.01891326904,[-2.321193]
217.439297914505,1.0382633341683283,340550.6229400635,[-2.425251]
215.08488607406616,1.5623532003826566,339710.0524902344,[-3.4163797]
217.12938451766968,0.8316135538948907,328413.2385253906,[-2.0802546]
216.0555226802826,1.258109622531467,346503.95679473877,[-2.8974793]
221.37940955162048,0.9611282613542345,334163.3939743042,[-2.3195417]
217.51758193969727,1.3998038238949246,335010.14137268066,[-3.1675045]
218.85343670845032,1.1914025810029771,350068.9888000488,[-2.7883546]
216.5792853832245,1.0609030458662245,328657.0291519165,[-2.5974717]
219.90418887138367,1.112814810540941,320438.24577331543,[-2.578512]
218.90538454055786,0.9191924863391452,335495.4023361206,[-2.264152]
218.4396195411682,1.1890836954116821,348870.9993362427,[-2.7157032]
218.64838433265686,1.243912484910753,334320.11699676514,[-2.8550138]
223.84390497207642,1.2339831325742934,338342.37003326416,[-2.8045561]
217.82345056533813,1.077599392996894,338036.25297546387,[-2.5628002]
216.37556290626526,1.1787626345952351,348966.2265777588,[-2.659168]
217.77110290527344,1.0869566864437528,320443.9001083374,[-2.5487068]
219.5316984653473,1.2216043737199571,335515.1000022888,[-2.7797604]
216.3549952507019,1.1899740828408136,344098.0100631714,[-2.795619]
222.65592980384827,0.8495366175969442,335650.0072479248,[-2.1355567]
214.8081669807434,1.21296136909061,322055.85765838623,[-2.7784586]
214.6308982372284,1.2351047197977703,321522.6483345032,[-2.873977]
229.51212763786316,1.083878133032057,342855.2360534668,[-2.552075]
229.22310090065002,0.9591948986053467,341297.4624633789,[-2.2782695]
215.07806515693665,1.1109669208526611,318846.0397720337,[-2.6502721]
217.99928903579712,1.2046238978703816,335714.6511077881,[-2.7558863]
219.05976009368896,1.2841812637117174,322489.28451538086,[-2.9444125]
215.47777915000916,1.2542544073528714,319483.15620422363,[-2.8708239]
224.35554242134094,0.9404927359686958,327920.9260940552,[-2.3399982]
218.4256715774536,1.2591939965883892,332860.9085083008,[-3.0047731]
217.84299778938293,1.063851687643263,332836.5087509155,[-2.455237]
221.0639569759369,1.1119373109605577,351384.9105834961,[-2.6561747]
221.7716464996338,1.0930438836415608,340477.5676727295,[-2.558705]
221.0702407360077,1.060480687353346,324902.82917022705,[-2.4943244]
280.40346693992615,1.058100422223409,334745.4996109009,[-2.511389]
318.45969438552856,1.0172847774293687,339473.53315353394,[-2.4179962]
286.16787934303284,1.342329700787862,333297.84393310547,[-3.0781457]
327.5064594745636,1.5178547700246174,337322.4244117737,[-3.5116413]
310.25948691368103,1.4716010093688965,336026.5769958496,[-3.3086197]
268.79862880706787,1.0321473280588787,329979.8536300659,[-2.4126232]
277.26833748817444,0.9799536466598511,334180.2496910095,[-2.3627398]
371.33589148521423,0.9980160527759128,333108.09421539307,[-2.3299403]
279.2256820201874,1.2001421451568604,358853.6653518677,[-2.7072966]
273.2066237926483,1.0584084855185614,356352.5857925415,[-2.4734166]
301.2095799446106,1.0753093825446234,333801.2390136719,[-2.4807851]
272.42231822013855,1.2404525544908311,325296.8225479126,[-2.8426487]
276.50716185569763,1.1796784400939941,325544.4574356079,[-2.702112]
323.66696524620056,0.910439133644104,342223.12927246094,[-2.1395729]
271.3547704219818,1.0768396589491103,323000.2694129944,[-2.4705012]
273.41219305992126,1.0564142995410495,355088.4590148926,[-2.5225368]
282.24758529663086,1.1318020290798612,343154.53815460205,[-2.5745008]
295.984335899353,1.1782175832324557,326255.07831573486,[-2.6735973]
274.8323063850403,0.9193383985095553,341734.78507995605,[-2.2307148]
282.2681722640991,1.037996186150445,322076.93576812744,[-2.489064]
305.59966707229614,0.9962556627061632,330068.90964508057,[-2.3581817]
274.3343982696533,1.1484789980782404,332461.7700576782,[-2.6801236]
282.2054178714752,1.0826237069235907,354184.344291687,[-2.4824233]
290.97330951690674,1.149228533109029,346143.49365234375,[-2.654661]
278.5391798019409,1.218809141053094,325175.6625175476,[-2.8210669]
283.7735810279846,0.8861946132447984,331605.5917739868,[-2.2099347]
288.93448996543884,1.0574248896704779,342345.5104827881,[-2.454173]
290.90464305877686,1.3569998211330838,365396.66414260864,[-3.1364374]
277.27707624435425,0.9480861160490248,342126.9979476929,[-2.2771618]
275.9227874279022,1.0403115484449599,345980.22174835205,[-2.4468877]
278.3615036010742,1.0494052436616685,327173.93589019775,[-2.4616292]
277.607914686203,1.0650174485312567,330458.6868286133,[-2.5351012]
280.8923375606537,1.2005119456185236,337427.0029067993,[-2.7284362]
277.53090023994446,1.1902005010181003,331505.8488845825,[-2.7502077]
300.1034007072449,1.1656647523244221,326793.3111190796,[-2.7076292]
275.0305426120758,1.034863617685106,346750.0238418579,[-2.413704]
277.98848152160645,0.937929458088345,338972.8832244873,[-2.32199]
295.77029252052307,1.0965499348110623,322563.6396408081,[-2.5608044]
284.8556444644928,1.3357021543714735,337274.13177490234,[-3.0391128]
284.4314796924591,1.0360196828842163,333135.5834007263,[-2.4641402]
275.717444896698,1.208059549331665,348330.04570007324,[-2.8073928]
287.46488904953003,1.0444871717029147,334511.7063522339,[-2.467645]
292.1443581581116,1.1678255134158664,323146.6693878174,[-2.700464]
279.9467406272888,1.1612429353925917,337920.0019836426,[-2.6764011]
278.7055432796478,1.1644060346815321,356078.1707763672,[-2.8350887]
286.78384232521057,0.8947509394751655,355865.3841018677,[-2.1253726]
282.86086797714233,1.0822774436738756,357198.79627227783,[-2.503086]
270.1717550754547,1.1771626737382677,332570.90187072754,[-2.7310848]
294.48858642578125,1.2043536239200168,330498.39878082275,[-2.7781725]
278.1243300437927,0.9712719917297363,338162.8427505493,[-2.3096693]
277.430584192276,1.0619835721121893,323997.00355529785,[-2.5018315]
296.9343726634979,1.13370504644182,358130.163192749,[-2.641886]
270.9682791233063,0.970260050561693,327886.5256309509,[-2.3241704]
282.0682737827301,0.8661666048897637,338113.64459991455,[-2.032394]
275.62304067611694,1.1566434701283772,335035.22205352783,[-2.6331007]
294.71603536605835,1.2572668525907729,332515.68269729614,[-2.8158443]
279.520320892334,0.9288525051540799,364697.114944458,[-2.2707245]
276.73005962371826,1.1529068284564548,331113.0037307739,[-2.6630695]
302.0150339603424,1.2868904405170016,341887.318611145,[-2.8869965]
277.1175694465637,1.072043776512146,335130.7706832886,[-2.470702]
276.92728185653687,1.139622900221083,340189.9981498718,[-2.614568]
295.49577927589417,0.9988623062769572,343555.97591400146,[-2.3550174]
281.26989555358887,1.1008600791295369,329237.7738952637,[-2.588928]
283.19450640678406,1.0301894346872966,355917.2534942627,[-2.4535267]
278.31295132637024,1.0880608956019084,351015.0537490845,[-2.5144703]
313.00861406326294,0.9130753941006131,340291.90826416016,[-2.1626508]
298.58306312561035,0.9668306112289429,361440.9065246582,[-2.3193986]
281.3436050415039,0.9784703916973538,350577.84843444824,[-2.322133]
276.89877223968506,1.0609967311223347,352124.85122680664,[-2.4596217]
274.5826373100281,1.2121064795388117,352477.370262146,[-2.8241217]
305.685067653656,1.0523801512188382,328933.9532852173,[-2.4390287]
280.3208565711975,0.9620155493418375,330966.38202667236,[-2.3180199]
277.50758600234985,0.9280318684048123,336948.67610931396,[-2.2216034]
295.3543360233307,0.988806340429518,345220.2100753784,[-2.3844652]
280.2830274105072,1.2713758415646024,330229.3872833252,[-2.9162426]
277.4136321544647,1.0851002004411485,345892.07649230957,[-2.569971]
297.4243834018707,1.0961247152752347,345203.088760376,[-2.5996246]
280.29945731163025,1.0219567351871066,340089.3487930298,[-2.4644892]
272.28251552581787,1.0009720987743802,348042.88387298584,[-2.3775227]
298.7968237400055,1.2101281616422865,396568.0341720581,[-2.8258343]
275.074898481369,1.0209933254453871,344462.86392211914,[-2.4242787]
280.2918972969055,1.0973829295900133,358857.789516449,[-2.5935628]
279.1240494251251,0.918599976433648,330572.70860671997,[-2.1913304]
300.5659215450287,0.9486620558632745,348495.174407959,[-2.2788346]
449.2511193752289,0.9598366419474283,341801.42402648926,[-2.2508638]
385.93818283081055,1.002584907743666,366633.8109970093,[-2.3580604]
275.7263011932373,1.0999706851111517,334673.87676239014,[-2.573277]
271.33591961860657,1.2031610541873508,347532.2790145874,[-2.7139044]
307.50968503952026,1.244276483853658,326475.02851486206,[-2.9193888]
275.4814245700836,0.8617154889636569,325611.74392700195,[-2.1180341]
281.2118260860443,0.980934222539266,334829.4458389282,[-2.2641737]
278.442973613739,1.215551839934455,343132.0848464966,[-2.8301036]
297.9577932357788,1.2647587458292644,353001.52111053467,[-2.8868525]
280.0803966522217,0.99155769083235,339094.4061279297,[-2.3428197]
274.5159819126129,1.0004482136832342,344673.0556488037,[-2.3882167]
303.85396242141724,0.975014673338996,330020.47538757324,[-2.246347]
281.19145345687866,1.1233834558063083,353796.50497436523,[-2.651448]
275.5652403831482,1.323464698261685,322720.12996673584,[-2.9919026]
300.9664602279663,1.15248437722524,345364.34745788574,[-2.6815665]
278.6917734146118,1.3003047439787123,332317.4648284912,[-2.9623482]
276.7523763179779,0.8873681492275662,345359.38358306885,[-2.1463513]
308.42201924324036,1.1657073895136516,330226.7699241638,[-2.6800709]
279.1196548938751,1.0430450306998358,340380.25188446045,[-2.4462106]
272.1695215702057,1.0862007670932345,339702.317237854,[-2.5147321]
301.28473567962646,0.8679521481196085,340570.86992263794,[-2.122006]
277.9945948123932,1.2822198073069255,333154.16431427,[-2.9262793]
271.96840047836304,1.020402683152093,329258.8953971863,[-2.4194813]
280.8811149597168,1.1822647518581815,334368.2441711426,[-2.7043915]
294.9468629360199,1.2849412229326036,326890.69747924805,[-2.8569317]
274.9538071155548,0.9893495109346178,336692.9883956909,[-2.3287437]
273.3560471534729,1.1853274636798434,327618.7353134155,[-2.7058356]
298.96680665016174,0.8825695249769423,355867.6128387451,[-2.1764424]
280.7262296676636,1.0146371523539226,349577.3229598999,[-2.422736]
271.66366934776306,0.8789152304331461,353264.422416687,[-2.1543276]
298.4097669124603,1.0960053470399644,358716.55464172363,[-2.524067]
276.64016604423523,1.1643960740831163,347865.6339645386,[-2.7204306]
274.26881074905396,1.275748160150316,345966.5093421936,[-2.8647692]
294.11422657966614,0.8869199487898085,360575.1037597656,[-2.0996647]
284.4586284160614,1.116878694958157,341043.1752204895,[-2.5414796]
276.92008876800537,0.9476670556598239,354212.0170593262,[-2.2117317]
275.78407406806946,0.9395470354292128,351582.38792419434,[-2.2511613]
302.51555252075195,1.0555280314551458,345130.6447982788,[-2.4782481]
272.6288285255432,1.0923885769314237,350977.34451293945,[-2.489354]
275.89120149612427,1.2192365593380399,385035.40325164795,[-2.8711681]
305.53576254844666,1.1839441458384197,354941.5578842163,[-2.7143767]
269.72960925102234,1.0009515550401475,323839.83039855957,[-2.3506434]
275.9960079193115,0.9572041034698486,352716.6485786438,[-2.2808607]
300.2234170436859,0.9311729669570923,338403.6417007446,[-2.2632573]
276.6606993675232,1.2568406793806288,326803.97367477417,[-2.7979953]
273.5304913520813,1.1639256212446425,331544.0225601196,[-2.6663222]
282.7061858177185,1.063726504643758,336024.2757797241,[-2.5394008]
299.3628499507904,1.0587635437647502,357124.44400787354,[-2.475496]
270.6331753730774,1.156886445151435,344711.9736671448,[-2.6585054]
289.4537217617035,1.0142025815116034,332255.1670074463,[-2.3751194]
300.8815953731537,0.8604601754082574,352557.5132369995,[-2.0626903]
279.5249910354614,1.3042930894427829,323498.9938735962,[-2.981179]
279.8801815509796,0.6789765622880723,336024.1861343384,[-1.7259331]
297.08992433547974,1.1778277688556247,328384.64069366455,[-2.6661584]
280.5576922893524,0.9001157283782959,352749.32289123535,[-2.2073157]
279.4823431968689,0.9246972666846381,371841.3419723511,[-2.2324126]
305.9493772983551,1.1578781472312079,345043.1981086731,[-2.6712904]
271.1303210258484,0.929713077015347,332505.57136535645,[-2.2468617]
274.4772491455078,1.0322162177827623,332636.63482666016,[-2.421871]
283.5068418979645,0.889889677365621,375544.5852279663,[-2.1942666]
284.5406255722046,1.0753296746148004,336203.0096054077,[-2.506528]
276.35310411453247,0.9007398817274306,347289.1159057617,[-2.1535892]
278.9345910549164,1.086791753768921,336301.02252960205,[-2.4820051]
298.2300806045532,1.309798624780443,345053.16066741943,[-2.9365454]
274.56369376182556,0.8972344398498535,348614.91203308105,[-2.2005074]
277.6322252750397,0.8616314993964301,352878.137588501,[-2.065592]
295.9492871761322,1.1551071405410767,336946.28524780273,[-2.677667]
267.43226647377014,1.2315654622183905,330064.7888183594,[-2.8192027]
278.19904708862305,1.1083546214633517,341210.85929870605,[-2.5735157]
289.3928430080414,1.0874472194247775,327227.6859283447,[-2.508625]
278.1601240634918,1.2094938622580633,364132.35569000244,[-2.811697]
278.0164713859558,1.1752759880489774,366440.4945373535,[-2.757415]
269.13212490081787,0.957507504357232,344399.89280700684,[-2.274134]
297.3740746974945,1.0351590977774725,363801.73683166504,[-2.403018]
278.30974316596985,1.0833289623260498,319777.65941619873,[-2.591592]
281.571918964386,0.9061899847454495,369409.75284576416,[-2.1702387]
304.5731556415558,1.1911389827728271,335433.7511062622,[-2.751014]
273.597793340683,0.9628168476952447,329782.44972229004,[-2.344024]
280.01944756507874,1.0176031324598525,330385.2996826172,[-2.4070215]
300.2461030483246,1.0324499209721882,342085.19744873047,[-2.4650986]
279.2031424045563,1.0476457013024225,325702.33726501465,[-2.4916456]
270.7870936393738,1.376131878958808,331821.6071128845,[-3.0622034]
306.9760158061981,1.1942378415001764,339507.0538520813,[-2.7388923]
271.41691493988037,1.3225956360499065,322758.394241333,[-2.9607656]
273.9408881664276,1.126993457476298,353929.2993545532,[-2.6997757]
276.41313672065735,0.9665033552381728,339936.4528656006,[-2.3360589]
296.72872519493103,0.949603385395474,333758.8939666748,[-2.2974088]
305.64381432533264,1.1507483058505588,330636.4860534668,[-2.7007086]
278.7436909675598,1.0336065159903631,332853.8827896118,[-2.418647]
295.29142689704895,1.0459468364715576,335058.0220222473,[-2.4206955]
273.778981924057,1.201244831085205,343970.3154563904,[-2.7646873]
277.32570791244507,0.9291941589779324,322662.5528335571,[-2.2446473]
300.07654428482056,1.268894420729743,319357.45429992676,[-2.8642044]
272.56058621406555,1.0761956108940973,326105.96466064453,[-2.5191762]
284.8361506462097,0.9868116908603244,332569.2939758301,[-2.2779336]
292.98894691467285,0.9641900857289633,356052.09255218506,[-2.2759893]
274.28493666648865,1.1281688610712688,359770.8764076233,[-2.6347194]
284.5833520889282,1.1014550593164232,327415.1682853699,[-2.5796096]
275.48105096817017,1.1440485186047025,365171.9083786011,[-2.7119923]
295.247328042984,1.0748700698216755,350089.07890319824,[-2.5765388]
282.29767060279846,1.0671336121029324,325866.1766052246,[-2.451995]
281.3263626098633,0.85653907722897,330992.2704696655,[-2.1124475]
286.11704683303833,1.1136170890596178,333079.04720306396,[-2.6009517]
279.4769060611725,1.3936358160442777,399185.471534729,[-3.2894437]
274.9734489917755,1.2939631011750963,365292.5763130188,[-3.0057878]
291.7017855644226,1.0771260526445177,404473.7434387207,[-2.6678798]
275.4483599662781,1.2146186696158514,356836.1315727234,[-2.807247]
280.11411237716675,0.9488066037495931,337921.56982421875,[-2.2743595]
295.88671350479126,1.0881036917368572,346798.1023788452,[-2.5843437]
272.18863821029663,1.1235685216055975,381192.15297698975,[-2.6664543]
284.7141637802124,1.235762635866801,352094.3145751953,[-2.8588684]
278.00520873069763,1.1747573481665716,330730.94749450684,[-2.7022984]
290.9596140384674,1.0480268398920696,339553.12156677246,[-2.4463809]
282.58856534957886,1.0967361529668171,327201.9968032837,[-2.4900157]
272.97754192352295,1.0264288716846042,345858.70456695557,[-2.398998]
294.8101749420166,1.1522453096177843,346317.61264801025,[-2.6512382]
282.9195337295532,1.1216436756981745,311080.11770248413,[-2.5943992]
276.20905685424805,0.8188227547539605,355972.149848938,[-2.0384457]
299.42905044555664,0.8523453871409098,353424.1371154785,[-2.0724587]
279.39733147621155,1.2575337224536471,335049.0651130676,[-2.858186]
282.4174427986145,1.1926477882597182,346795.93086242676,[-2.7560666]
295.6138560771942,0.9480517440372043,350565.0291442871,[-2.243513]
278.0111618041992,1.554144475195143,351271.7909812927,[-3.4593754]
276.90742325782776,1.1735523011949327,326419.7015762329,[-2.7100973]
278.8081521987915,0.9139722585678101,319330.73711395264,[-2.221185]
302.0817561149597,1.0499111546410456,346416.7432785034,[-2.493079]
274.91333651542664,1.0365089178085327,340761.00730895996,[-2.5031748]
278.2773013114929,1.1109243366453383,334485.493183136,[-2.5900133]
295.76476073265076,1.1419309112760756,343577.94761657715,[-2.70495]
276.38189244270325,1.1293451521131728,352121.19483947754,[-2.6772912]
278.81825017929077,0.9435433679156833,331915.28940200806,[-2.3009853]
298.3299915790558,0.9973942173851861,342627.4185180664,[-2.3720725]
277.23328924179077,1.0674091047710843,353017.13275909424,[-2.5849717]
271.37660813331604,1.0613252586788602,342490.22483825684,[-2.4896343]
300.7662286758423,1.2898569769329495,327696.77543640137,[-2.953633]
278.94022965431213,1.0480424298180475,373595.1600074768,[-2.5256243]
279.03474974632263,1.0658932261996799,330128.8990974426,[-2.519591]
276.0996479988098,0.9976637760798136,374921.33712768555,[-2.3739142]
300.67125940322876,0.9879127343495687,326611.76681518555,[-2.3440351]
284.41079473495483,1.1638720830281575,353344.2244529724,[-2.7185175]
281.88148260116577,1.1765165593889024,359805.1986694336,[-2.7432144]
294.1973307132721,0.9173563453886244,328792.18006134033,[-2.1806576]
275.4628310203552,1.0965830087661743,345535.5453491211,[-2.5313058]
279.13316822052,0.9540638791190253,351609.2700958252,[-2.3578823]
288.2653934955597,1.1896151701609294,342034.5506668091,[-2.7125876]
279.8180441856384,1.1672189103232489,315802.2117614746,[-2.696186]
302.20722913742065,1.0331087509791057,344249.94373321533,[-2.3922472]
272.79171681404114,1.0742483403947618,326207.1785926819,[-2.488982]
280.318017244339,1.0249419344796076,354122.4956512451,[-2.407993]
283.4840123653412,1.1241760121451483,335369.8019981384,[-2.5970135]
306.4832684993744,0.8948242399427626,332779.203414917,[-2.1590035]
283.63019824028015,1.0167225201924641,350461.8148803711,[-2.4077165]
279.02118587493896,0.9069493876563178,334357.41901397705,[-2.164015]
295.9914655685425,0.9959621959262424,336557.84940719604,[-2.3880007]
273.9413459300995,1.1249836948182848,349049.86095428467,[-2.7118218]
274.3026580810547,0.8865835004382663,366696.6848373413,[-2.244939]
302.9508316516876,1.1809918880462646,344624.9227523804,[-2.6661127]
278.02009081840515,1.1049850251939561,339384.86766815186,[-2.6101909]
285.0274724960327,0.831709067026774,338575.12378692627,[-2.01551]
281.8300552368164,0.956263542175293,321014.43672180176,[-2.2753944]
297.25722908973694,1.3193706936306424,371673.9559173584,[-3.094983]
279.5896637439728,0.8729106452729967,354159.6746444702,[-2.1519616]
279.6920850276947,0.9659840928183662,311766.56198501587,[-2.3748317]
303.05235838890076,1.2812141709857516,388925.9958267212,[-3.0782135]
283.5441527366638,1.2457516590754192,336979.8288345337,[-2.8738048]
284.0871317386627,1.1526973512437608,314256.10637664795,[-2.7252457]
291.6294198036194,1.2005215618345473,334750.4234313965,[-2.7788723]
278.99041986465454,1.385780519909329,380980.3400039673,[-3.227703]
270.99869322776794,1.0320639212926228,333250.1983642578,[-2.5219486]
303.1771891117096,1.076386570930481,355790.83251953125,[-2.523149]
279.7419240474701,1.1004496547910902,315985.8512878418,[-2.7175949]
287.11445903778076,0.9978954924477471,341997.91049957275,[-2.382749]
266.1890845298767,1.2876492606268988,312423.29835891724,[-2.96865]
222.23491382598877,1.173962288432651,343266.02602005005,[-2.7097893]
216.61190795898438,1.0391212701797485,326297.1029281616,[-2.4454124]
216.52158284187317,1.1386664973364935,317724.56312179565,[-2.601803]
219.27164340019226,1.1075673500696819,344577.0797729492,[-2.5993273]
222.43840980529785,0.8230762349234687,329822.096824646,[-2.0038192]
241.922771692276,1.1683327621883817,321683.68101119995,[-2.8139012]
217.1443247795105,1.0873576270209417,337293.9462661743,[-2.5647457]
217.18595671653748,1.207037713792589,327740.07654190063,[-2.7856083]
221.60882663726807,0.9773860110176934,339986.7973327637,[-2.3157969]
216.04400324821472,1.1111818419562445,330938.2915496826,[-2.523064]
218.8497838973999,1.069771647453308,354207.4851989746,[-2.5365791]
216.10171175003052,0.9828623798158433,341149.2214202881,[-2.338106]
220.28073072433472,0.9387904273139106,330416.6250228882,[-2.2832105]
218.50414204597473,1.321364654435052,318789.1540527344,[-3.0188086]
218.22664546966553,1.005593803193834,329125.31661987305,[-2.3629978]
218.9009599685669,0.934942364692688,337574.4161605835,[-2.273531]
223.85257005691528,0.8619230058458116,317090.23094177246,[-2.1549933]
216.2181372642517,1.1077366140153673,328829.88452911377,[-2.5984192]
216.87247967720032,1.16045167711046,326559.1778755188,[-2.6926756]
219.9483106136322,1.207962089114719,328629.0559768677,[-2.8054454]
217.66745781898499,1.0253169801500108,343465.32440185547,[-2.4363022]
224.9038712978363,1.2462961276372273,302165.002822876,[-2.8565762]
216.22832679748535,1.0639215575324164,353518.2914733887,[-2.4821336]
217.29080963134766,0.9844883812798394,326048.7289428711,[-2.334091]
216.35747623443604,1.0798080497317843,334867.33198165894,[-2.5426643]
222.40847086906433,1.1214399470223322,351040.51208496094,[-2.5756912]
215.84365367889404,1.0528203778796725,338847.73445129395,[-2.4378667]
218.30157709121704,1.1571511957380507,349631.3467025757,[-2.7036502]
217.91004705429077,1.1776840024524264,345946.6161727905,[-2.656473]
221.54651618003845,1.1148476203282673,337918.8480377197,[-2.6223729]
221.0195496082306,1.1097457938724093,379252.9754638672,[-2.6928127]
215.49038648605347,1.0956599977281358,340434.353351593,[-2.5511477]
217.33360290527344,1.17461978064643,314711.86780929565,[-2.7518823]
221.33416104316711,1.1648206445905898,339573.4796524048,[-2.709676]
217.5755786895752,1.390579687224494,318092.76485443115,[-3.1775074]
220.59044694900513,1.264156977335612,322831.4747810364,[-2.825288]
218.81330037117004,0.8988320827484131,322000.75340270996,[-2.1501243]
249.24029088020325,1.340752853287591,356017.6057815552,[-3.1070282]
243.51393461227417,1.0055486228730943,325290.62843322754,[-2.3423512]
216.24631333351135,1.1997386349572077,325868.98040771484,[-2.7638843]
219.90673208236694,1.0450405809614394,381038.97285461426,[-2.4923537]
215.88766169548035,1.2781057357788086,334534.0266227722,[-3.0012805]
219.1042709350586,0.9985079500410292,349937.68787384033,[-2.30468]
219.49139380455017,1.1307015419006348,350001.27601623535,[-2.5809162]
219.00192093849182,1.108472400241428,346899.3444442749,[-2.5774248]
216.05184721946716,1.3769644101460774,322244.4591522217,[-3.1106355]
224.22518157958984,0.9869090980953641,316044.98291015625,[-2.3914664]
217.29098892211914,1.3721701833936903,328001.7910003662,[-3.0401156]
216.5611846446991,0.9876898129781088,368963.6344909668,[-2.398626]
217.48160648345947,0.8560691674550375,352211.3447189331,[-2.0903606]
220.3264660835266,0.9521133237414889,333509.52529907227,[-2.258391]
215.9783775806427,0.951973729663425,322376.01137161255,[-2.2839086]
220.6425426006317,0.7991126510832045,328344.614982605,[-1.9325382]
215.80284118652344,1.2012377447552152,320248.27432632446,[-2.802811]
220.04331278800964,1.408337778515286,326510.14709472656,[-3.1206799]
219.30571460723877,1.11018701394399,362430.6640625,[-2.6384292]
216.1469612121582,1.224216792318556,330133.20684432983,[-2.8290281]
214.71691131591797,1.1482322348488703,318237.37812042236,[-2.65461]
224.86421966552734,0.9709715180926852,325966.9895172119,[-2.307976]
215.8191900253296,0.8075205617480807,339431.18476867676,[-1.9977088]
215.46801948547363,1.1488988134596083,344983.59966278076,[-2.6403162]
218.55133366584778,0.9630398220486112,314644.00148391724,[-2.3163164]
215.2623610496521,1.024893085161845,332401.2336730957,[-2.4095867]
225.41137886047363,1.1082024441825018,351296.59843444824,[-2.6475346]
218.8638677597046,1.011830700768365,334365.84091186523,[-2.3853664]
215.7226836681366,1.1393266518910725,349342.716217041,[-2.6875486]
214.93562865257263,0.7692950831519233,329107.7699661255,[-1.896192]
223.36907052993774,1.1873742606904771,332739.59255218506,[-2.7015383]
215.75757217407227,1.2827857467863295,325569.8871612549,[-2.9524744]
226.27486610412598,1.0487284395429823,363323.4386444092,[-2.5027218]
247.8437843322754,1.236666652891371,334388.1483078003,[-2.8141816]
224.02773690223694,1.0694516102472942,343446.67053222656,[-2.4842541]
215.62017464637756,1.1877907249662611,315254.6401023865,[-2.8291833]
217.0366644859314,1.2008875211079915,310764.70708847046,[-2.83718]
215.99261593818665,0.9441458914015028,352878.35025787354,[-2.2899644]
222.83670735359192,1.1129493051105075,325811.09380722046,[-2.6143472]
225.02922320365906,1.0226990911695693,329222.9194641113,[-2.419172]
218.9360315799713,1.040500005086263,359411.1614227295,[-2.4552827]
214.44672799110413,0.9365059799618192,338409.84535217285,[-2.2804732]
220.42737436294556,1.247890485657586,329211.2741470337,[-2.820853]
218.67368125915527,1.210812595155504,383148.0350494385,[-2.859765]
215.39497256278992,1.0123387840059068,319248.4335899353,[-2.4235256]
216.47067046165466,0.9807324277030097,345875.9241104126,[-2.3183017]
216.6299500465393,0.9718087646696303,348590.33966064453,[-2.3320796]
221.14316654205322,1.1849632528093126,364292.60635375977,[-2.8392808]
218.8463351726532,1.0913087791866727,361083.9023590088,[-2.5593379]
217.50707602500916,1.076052016682095,330460.05964279175,[-2.5191715]
215.8585319519043,1.1534846623738606,327424.14569854736,[-2.7715406]
221.30651688575745,1.370041463110182,324346.87185287476,[-3.0868702]
216.22233271598816,0.9277762307061089,345024.3515968323,[-2.2192452]
217.42922496795654,1.0805648300382826,336597.6095199585,[-2.5410144]
216.4442219734192,1.1258549690246582,335797.95360565186,[-2.628969]
222.7860164642334,1.2155901061164007,338625.3180503845,[-2.7640126]
216.69153475761414,1.1198871797985501,361696.870803833,[-2.62351]
215.82273244857788,0.9260428349177042,342288.5694503784,[-2.2054079]
215.08763718605042,1.1472521490520902,371661.75842285156,[-2.6824224]
221.2159149646759,1.093580961227417,340629.9662590027,[-2.5175161]
216.8504433631897,1.2038706143697102,301369.1654205322,[-2.8125098]
216.76021575927734,0.9660247696770562,329855.42917251587,[-2.270892]
216.1638538837433,0.9670575592252943,316374.9475479126,[-2.3172586]
216.64976501464844,1.3123500612046983,348611.7305755615,[-2.9404962]
221.98917531967163,1.3846241765552096,323307.80029296875,[-3.170746]
219.2866940498352,1.0611951880984836,353057.2986602783,[-2.4855053]
218.07355976104736,1.0057372517055936,325811.2506866455,[-2.3485289]
216.2302167415619,1.1005357636345758,339389.37044143677,[-2.5822158]
222.6510717868805,1.36196944448683,324069.2286491394,[-3.0575325]
216.78382682800293,1.3692591455247667,331329.5965194702,[-3.0616703]
214.65081810951233,1.3575103547837999,337765.6888961792,[-3.0700095]
215.8778166770935,0.9438206752141317,386301.4783859253,[-2.2999227]
223.87472462654114,1.0812112887700398,316958.9333534241,[-2.51039]
217.32851886749268,0.9779026640786065,320611.0043525696,[-2.2984374]
217.03957414627075,0.871679875585768,350803.26080322266,[-2.153016]
215.81618475914001,0.9590349329842461,321057.4712753296,[-2.3549526]
223.03844618797302,0.9363155894809299,336167.1962738037,[-2.226059]
217.86823201179504,0.8926845259136624,349240.4055595398,[-2.100658]
216.69009399414062,0.9848259687423706,328920.93086242676,[-2.3465989]
215.7758870124817,1.0660728878445096,358770.4782485962,[-2.4910264]
218.20054984092712,0.9352531168195937,345057.82890319824,[-2.2148092]
221.82989048957825,1.0449905660417345,319413.17558288574,[-2.5424826]
217.12886667251587,1.0810439984003704,332279.79469299316,[-2.5103133]
215.6965525150299,0.9080672131644355,338861.9861602783,[-2.2146845]
218.10303354263306,1.065768904156155,323351.32026672363,[-2.4928782]
220.7993767261505,1.1745024257236056,348964.97344970703,[-2.685899]
216.2917513847351,1.2752236657672458,317673.33984375,[-2.8540437]
217.32984137535095,1.066332221031189,362643.0654525757,[-2.483649]
217.17563152313232,1.035895374086168,347969.72846984863,[-2.4803631]
222.54408383369446,1.1544045077429876,330299.8003959656,[-2.61936]
217.71788144111633,1.1458881431155734,318898.73361587524,[-2.6668081]
216.9981050491333,0.866217851638794,318926.8741607666,[-2.1581817]
215.95558142662048,1.0282990667555068,325006.04152679443,[-2.4739907]
221.20639371871948,1.232194595866733,327665.14253616333,[-2.7705126]
218.811945438385,0.9407747454113431,332695.903301239,[-2.2544904]
215.41789984703064,1.177946964899699,311694.0755844116,[-2.6970663]
216.9140157699585,1.102780368593004,330204.4372558594,[-2.565694]
223.01806712150574,0.8501032988230387,332773.8904953003,[-2.0373547]
217.9184386730194,1.0098203420639038,339156.9929122925,[-2.391105]
218.09199976921082,0.9416530397203233,316921.4286804199,[-2.2402332]
216.52946138381958,0.9654175970289443,327128.201007843,[-2.2869794]
218.11453652381897,1.1821020311779447,324237.17069625854,[-2.7690735]
222.4050257205963,1.1482014391157362,309246.77658081055,[-2.7293208]
216.29162049293518,1.0774749120076497,353180.9482574463,[-2.5060563]
215.34459376335144,1.1201985279719036,331401.74674987793,[-2.6153717]
218.57414293289185,1.026683251063029,335706.768989563,[-2.444755]
221.58133482933044,1.1022634373770819,333152.23503112793,[-2.5927966]
216.66393661499023,1.010817461543613,318913.60569000244,[-2.4553106]
217.0961570739746,1.333923750453525,318140.87533950806,[-3.0288723]
217.66470527648926,1.1409007575776842,318926.3458251953,[-2.6566062]
219.73376846313477,1.0946231418185763,330923.7174987793,[-2.525379]
218.81261920928955,0.8709908458921645,318031.8727493286,[-2.119464]
217.26581645011902,1.2155602773030598,328374.0177154541,[-2.7829072]
217.1148726940155,0.8674394289652506,328532.99045562744,[-2.1107976]
223.5927300453186,0.8693970176908705,320906.36444091797,[-2.1069076]
219.14850425720215,0.787422882186042,335135.4522705078,[-1.9254915]
216.1798598766327,1.0764994223912556,313500.1015663147,[-2.6240566]
218.44013905525208,1.0079653528001573,310286.8709564209,[-2.4557922]
217.14543843269348,1.1416263580322266,335542.462348938,[-2.7061117]
222.26980137825012,1.1473331716325548,305738.60692977905,[-2.7139378]
217.4448447227478,1.030027773645189,322997.69496917725,[-2.5195272]
215.11415243148804,0.9857659737269083,336423.59924316406,[-2.3600688]
218.18009996414185,1.052781833542718,323016.31355285645,[-2.4820535]
223.51854491233826,1.0487964550654094,347360.73875427246,[-2.5032914]
216.53333640098572,1.298949744966295,321590.4049873352,[-2.999152]
217.87947916984558,1.1052522791756525,323670.0391769409,[-2.5688508]
221.56735062599182,1.0443163712819417,315659.6488952637,[-2.4478831]
222.77486157417297,1.4106475247277155,333790.23456573486,[-3.2113266]
217.55590677261353,1.0862240261501737,312250.4301071167,[-2.637021]
218.75170826911926,1.0331398646036785,318250.9002685547,[-2.5081177]
218.59357714653015,1.1284096638361614,328941.39862060547,[-2.6441581]
223.4935896396637,1.0863347848256428,317288.4130477905,[-2.6075966]
241.14097476005554,1.3661695188946195,312296.86880111694,[-3.1107547]
248.55119132995605,1.3923954566319783,319069.25916671753,[-3.1747217]
229.87376427650452,1.1136848131815593,320140.6168937683,[-2.6080346]
222.47259879112244,1.2674136956532795,327211.6918563843,[-3.014392]
214.9150276184082,1.1758399539523654,323172.41382598877,[-2.7233858]
218.40582418441772,0.998168494966295,326089.16091918945,[-2.4829664]
217.454745054245,1.1822201543384128,314515.87677001953,[-2.7504578]
219.37922883033752,1.109016325738695,331023.1485366821,[-2.6209998]
216.98062086105347,1.152566088570489,322833.6625099182,[-2.7346756]
219.11449599266052,1.223412103123135,314361.20557785034,[-2.8822324]
217.18854355812073,1.2548159095976088,324388.7710571289,[-2.9437466]
216.9702649116516,1.0368443065219455,309745.79906463623,[-2.4294379]
224.33186507225037,1.1502442359924316,327261.2762451172,[-2.721262]
214.82715582847595,1.2138565911187067,322234.16900634766,[-2.9667652]
218.88492393493652,1.191745638847351,322796.838760376,[-2.7572005]
219.3549304008484,1.396879447831048,331385.33306121826,[-3.19135]
224.26336479187012,1.0250677929984198,325828.0906677246,[-2.4812052]
220.5952069759369,1.024658825662401,322170.63426971436,[-2.4700866]
216.48512363433838,1.2870935201644897,330686.42234802246,[-2.973034]
215.83448767662048,1.3029996818966336,314718.1406021118,[-2.9474592]
227.96119737625122,1.2731488545735676,330071.03061676025,[-2.9249876]
215.99056482315063,1.1549062596427069,318443.567276001,[-2.7385304]
216.17529344558716,1.1085231833987765,334671.4286804199,[-2.6469724]
220.02535390853882,1.2843402756585016,335237.5283241272,[-3.0032215]
221.1426227092743,1.0486110713746812,340210.20793914795,[-2.4967692]
215.78240704536438,1.0575187073813543,319063.65871429443,[-2.484844]
218.64767599105835,1.1453883780373468,329715.15464782715,[-2.713332]
217.36775493621826,1.0154138538572524,312660.89057922363,[-2.4424894]
218.91531205177307,1.2273578246434529,339703.72104644775,[-2.8514032]
221.5802309513092,1.041421929995219,328801.2614250183,[-2.5188122]
216.62953519821167,1.302280690934923,317162.2371673584,[-2.9494112]
216.57310938835144,1.1944800747765436,319103.280544281,[-2.723833]
220.92644810676575,0.8483539554807875,319930.7289123535,[-2.0402164]
222.13229036331177,1.1526162359449599,344968.57833862305,[-2.6962328]
214.67100954055786,1.0148905250761244,326335.63804626465,[-2.4873636]
218.6333348751068,1.1816622681087918,331027.5764465332,[-2.761649]
216.70022201538086,1.3046524657143488,333045.1531410217,[-2.9854748]
221.50544428825378,1.210387561056349,327265.2235031128,[-2.9700477]
218.846581697464,1.0467095242606268,346015.7356262207,[-2.4613845]
218.6422016620636,0.8085664775636461,331388.01193237305,[-2.0078876]
215.60476684570312,0.9618946578767564,344594.1553115845,[-2.3540432]
225.15597701072693,0.9942910803688897,357185.7633590698,[-2.4064531]
216.6514813899994,1.062878966331482,337777.3895263672,[-2.5696142]
215.5992660522461,0.9294244580798678,346180.7041168213,[-2.2249403]
218.6374740600586,1.0392744143803914,382959.9618911743,[-2.523814]
221.66444063186646,1.1007623142666287,353948.79722595215,[-2.6134837]
215.88363528251648,1.0500633186764188,357079.41913604736,[-2.5177722]
217.885347366333,1.1204933457904391,341896.86012268066,[-2.5952446]
217.56075930595398,1.1549021932813857,376775.16746520996,[-2.718751]
217.7662992477417,1.0339796675576105,355528.4996032715,[-2.408294]
222.45144963264465,1.2262042231029935,364041.61834716797,[-2.901494]
215.9418454170227,0.9962676498625014,352685.733795166,[-2.344743]
216.76001119613647,0.919527530670166,330581.1128616333,[-2.2064388]
218.33183455467224,1.0610237121582031,360971.2963104248,[-2.521589]
219.23677253723145,1.3316402700212266,347663.8631820679,[-3.0059483]
218.41898465156555,1.0694531334771051,347296.8978881836,[-2.5579312]
218.67673635482788,1.1316856145858765,351213.5486602783,[-2.5976598]
215.54716062545776,1.4284359878963895,329933.48693847656,[-3.218669]
221.79917860031128,0.9511372248331705,350610.5742454529,[-2.3197978]
219.0740087032318,1.321256505118476,360220.72982788086,[-3.047371]
216.4766721725464,1.4810126092698839,321596.72832489014,[-3.3450997]
216.82886600494385,1.052546090549893,361110.61573028564,[-2.5554576]
223.98680591583252,1.1623236735661824,383204.1640281677,[-2.7764032]
214.8088297843933,1.2460972997877333,357434.308052063,[-2.9141836]
218.1450560092926,1.0905478398005168,375191.5740966797,[-2.6152046]
217.79585576057434,1.1751531230078802,341164.18743133545,[-2.7067652]
217.09766554832458,1.1316245661841497,345326.11751556396,[-2.7266028]
219.90091133117676,1.118749115202162,339888.8387680054,[-2.595206]
218.90698432922363,1.0440089702606201,361647.3159790039,[-2.5173004]
215.86781549453735,1.062075310283237,350482.2292327881,[-2.6079643]
217.62425208091736,0.9855938620037503,340702.6147842407,[-2.3749652]
221.79070115089417,1.2072780132293701,328068.727016449,[-2.7932189]
215.6851396560669,1.1608353588316176,359470.3025817871,[-2.6926744]
219.1668074131012,0.8230317963494195,357501.21307373047,[-2.017101]
219.57299709320068,1.3136303557289972,337126.1577606201,[-3.0803664]
220.02727007865906,1.049519936243693,367548.03371429443,[-2.5943367]
216.73089504241943,1.0886729293399386,362294.7025299072,[-2.591523]
218.21995401382446,1.1701014041900635,343834.1512680054,[-2.839179]
215.97181606292725,1.1059753100077312,379984.5886230469,[-2.6769779]
222.51765418052673,1.012838813993666,357323.2660293579,[-2.4067585]
217.97057914733887,0.9046895503997803,359158.3089828491,[-2.2641854]
217.1461522579193,1.263285477956136,356375.56171417236,[-3.0239217]
219.56252431869507,1.4960657755533855,348541.2940979004,[-3.5633652]
222.72193431854248,1.042961835861206,352294.70348358154,[-2.488229]
216.30985808372498,1.0519574880599976,352881.1273574829,[-2.4997826]
216.15239119529724,1.4088826444413927,324240.87715148926,[-3.2068977]
218.16987323760986,1.0144619544347127,351706.59732818604,[-2.5317457]
216.03470087051392,1.1869865390989516,366939.0506744385,[-2.8711088]
222.58188700675964,1.0886846780776978,376390.7232284546,[-2.5965202]
219.14092755317688,1.4078712728288438,338919.04640197754,[-3.155861]
215.30821871757507,1.133736981285943,336694.69928741455,[-2.643264]
216.12914633750916,1.2127508984671698,407434.2346191406,[-2.9784584]
223.91154789924622,1.11031707127889,348882.33184814453,[-2.656958]
214.7172610759735,1.115868502193027,355817.7900314331,[-2.6036239]
218.4996235370636,1.0066355599297419,340990.7512664795,[-2.3954353]
220.98620867729187,1.050008389684889,360143.8341140747,[-2.5006664]
220.9217894077301,1.1374220318264432,335191.6570663452,[-2.685282]
215.11681461334229,1.1734641128116183,356033.0114364624,[-2.8417828]
222.56187415122986,1.000211066669888,334118.4501647949,[-2.3740075]
219.02197933197021,1.205924153327942,376284.38568115234,[-2.8497622]
220.26373672485352,1.0473247634039984,361561.9602203369,[-2.536259]
218.17410135269165,1.0671862893634372,332550.5266189575,[-2.4633949]
217.18679761886597,1.1761378314759996,330854.98237609863,[-2.7276661]
216.06599235534668,1.4900887277391222,339920.8707809448,[-3.447689]
219.0406219959259,1.065428614616394,362697.3934173584,[-2.5440328]
220.85052633285522,0.9950929085413615,372421.4401245117,[-2.4313009]
217.70565962791443,1.058911508984036,383471.60816192627,[-2.5213249]
220.97873973846436,1.0270439916186862,361065.13023376465,[-2.5846248]
216.6900279521942,1.31169683403439,361334.2695236206,[-3.0339336]
220.12978887557983,0.9795031680001153,382563.51470947266,[-2.375797]
220.2920424938202,1.2745256688859727,368129.28581237793,[-2.9280694]
215.52394270896912,1.0331159830093384,343736.82498931885,[-2.450138]
217.05889534950256,1.0028002659479778,356313.78841400146,[-2.3615887]
222.72093057632446,0.9068322314156426,362348.2551574707,[-2.1846294]
224.1097812652588,1.0748129023445978,351506.39629364014,[-2.4832819]
217.32376503944397,1.258432428042094,344675.60338974,[-2.9596236]
219.44366359710693,1.048695617251926,338031.21757507324,[-2.5018053]
220.68329906463623,1.079421877861023,348118.84021759033,[-2.589368]
217.2665536403656,1.0724629163742065,332829.8616409302,[-2.493333]
218.3540906906128,1.0513992839389377,353018.2785987854,[-2.4541054]
217.45902514457703,1.1014553043577406,333705.01232147217,[-2.6418064]
219.6351933479309,0.8630763292312622,354520.63179016113,[-2.1072798]
217.67458200454712,1.0216286712222629,337256.4043998718,[-2.3762815]
217.26052618026733,0.8954021798239814,328624.2980957031,[-2.2008893]
216.44530153274536,0.7512576182683309,379903.7036895752,[-1.887125]
218.40069842338562,1.1350210242801242,362925.17471313477,[-2.6864393]
221.70807194709778,1.2604043616188898,305427.58655548096,[-2.9064758]
216.54934239387512,1.1513100332683988,357441.9288635254,[-2.710391]
218.00263786315918,0.8571868340174357,330088.59062194824,[-2.117975]
217.214914560318,1.0153301424450345,311502.85720825195,[-2.4079509]
221.8750307559967,0.91959281762441,360411.3349914551,[-2.267213]
220.02462434768677,1.317740453614129,330946.8584060669,[-2.9207907]
218.61952543258667,1.1146997610727947,341930.05752563477,[-2.646184]
215.03665399551392,0.9686970843209161,345573.8716125488,[-2.3391144]
224.1219344139099,1.0747329261567857,349938.75885009766,[-2.5506065]
216.9263939857483,0.9278701941172282,364162.64820098877,[-2.2709975]
215.29530715942383,1.2664227883021038,309232.34272003174,[-2.9847689]
217.74240493774414,1.073991921212938,348593.09577941895,[-2.5294957]
221.8633108139038,1.1325250466664631,319965.0778770447,[-2.60007]
217.2073209285736,1.3402124775780573,335649.8193740845,[-3.0776196]
217.33420753479004,1.2457678582933214,333062.15810775757,[-2.888467]
216.9714891910553,0.7885506682925754,331254.6548843384,[-1.956396]
216.37134742736816,0.987742371029324,361488.56925964355,[-2.3780227]
224.25142645835876,1.2399896383285522,327191.9775009155,[-2.8255637]
216.69520568847656,0.9707112974590726,327869.6241378784,[-2.2615597]
216.69411778450012,1.1262767844729953,340184.0991973877,[-2.5767152]
217.7010498046875,0.9582160578833686,343027.48346328735,[-2.3136961]
220.28899550437927,0.7537351051966349,334098.01483154297,[-1.8969575]
216.86209797859192,1.1072432067659166,333936.68365478516,[-2.5635347]
219.67253017425537,1.1844415797127619,342893.0883407593,[-2.7465875]
215.35319447517395,0.9536101818084717,355863.55781555176,[-2.304071]
220.58925986289978,0.8561833699544271,324458.33587646484,[-2.0670397]
218.417738199234,1.2595400280422635,333296.2255477905,[-2.8745515]
214.84718680381775,0.9831511312060885,334954.5907974243,[-2.349126]
221.10122275352478,1.0451671944724188,331360.3515625,[-2.6646705]
236.37640690803528,1.054609802034166,343506.97803497314,[-2.5196917]
221.10338926315308,1.1393747064802382,354229.1622161865,[-2.6687527]
222.74181532859802,1.2062740193472967,331927.52742767334,[-2.83901]
219.00223660469055,1.1193664868672688,340584.23709869385,[-2.558554]
220.97119402885437,1.3181665076149836,345034.236907959,[-2.9725864]
224.02055025100708,1.0201025538974338,357958.7240219116,[-2.4373934]
222.07374238967896,1.0160696903864543,343512.2957229614,[-2.3746626]
220.04117131233215,1.0563428666856554,356530.6224822998,[-2.5218093]
221.54106783866882,1.0684525304370456,342296.6938018799,[-2.5570207]
218.1955225467682,1.2077373928493924,324581.18629455566,[-2.7739518]
225.49728226661682,1.1636336909400091,349066.8706893921,[-2.6944382]
219.00694847106934,1.2414318720499675,357560.24265289307,[-2.8246546]
220.8266921043396,0.9865914583206177,346860.46504974365,[-2.3935354]
222.73769235610962,1.0703650845421686,344072.3867416382,[-2.529498]
221.22625541687012,1.1088611152436998,345956.57682418823,[-2.59052]
217.45975637435913,1.151771797074212,347770.2875137329,[-2.733024]
215.68201351165771,1.104818238152398,335078.6156654358,[-2.549836]
