Day,Hour,Room,Temperature
1,0,1,22.0
1,0,2,22.0
1,0,3,22.0
1,0,4,22.0
1,0,5,22.0
1,0,6,22.0
1,1,1,22.72582
1,1,2,21.751955
1,1,3,22.166285
1,1,4,21.949287
1,1,5,21.82565
1,1,6,22.034182
1,2,1,22.410362
1,2,2,21.518524
1,2,3,21.912685
1,2,4,21.74852
1,2,5,21.575132
1,2,6,21.772934
1,3,1,22.397472
1,3,2,21.473171
1,3,3,21.903868
1,3,4,21.728027
1,3,5,21.536106
1,3,6,21.743107
1,4,1,22.364029
1,4,2,21.24788
1,4,3,21.7292
1,4,4,21.636284
1,4,5,21.293259
1,4,6,21.632235
1,5,1,22.778273
1,5,2,21.293755
1,5,3,21.774311
1,5,4,21.725706
1,5,5,21.300304
1,5,6,21.791353
1,6,1,23.292353
1,6,2,21.401615
1,6,3,21.851007
1,6,4,21.589167
1,6,5,21.878994
1,6,6,21.743618
1,7,1,23.63307
1,7,2,21.670452
1,7,3,22.072386
1,7,4,21.733065
1,7,5,22.302439
1,7,6,21.896164
1,8,1,22.832806
1,8,2,21.370846
1,8,3,21.744984
1,8,4,21.645731
1,8,5,21.48695
1,8,6,21.736307
1,9,1,24.55597
1,9,2,22.62578
1,9,3,23.08744
1,9,4,22.507713
1,9,5,23.55514
1,9,6,22.641848
1,10,1,21.138489
1,10,2,21.012157
1,10,3,21.360638
1,10,4,20.764471
1,10,5,20.963844
1,10,6,21.280277
1,11,1,22.354437
1,11,2,21.915876
1,11,3,22.43608
1,11,4,22.01681
1,11,5,22.081678
1,11,6,22.15999
1,12,1,22.733868
1,12,2,22.014835
1,12,3,22.443483
1,12,4,22.24269
1,12,5,22.055447
1,12,6,22.210443
1,13,1,22.66288
1,13,2,21.70861
1,13,3,22.031172
1,13,4,21.842537
1,13,5,21.677
1,13,6,21.911722
1,14,1,22.317266
1,14,2,21.509037
1,14,3,21.777828
1,14,4,21.58547
1,14,5,21.421873
1,14,6,21.607138
1,15,1,22.460672
1,15,2,21.612612
1,15,3,21.896965
1,15,4,21.706217
1,15,5,21.55401
1,15,6,21.742376
1,16,1,22.08663
1,16,2,21.302092
1,16,3,21.584303
1,16,4,21.393522
1,16,5,21.238737
1,16,6,21.480274
1,17,1,21.716825
1,17,2,20.982334
1,17,3,21.29519
1,17,4,21.081518
1,17,5,20.92264
1,17,6,21.197115
1,18,1,21.313677
1,18,2,20.602228
1,18,3,20.891521
1,18,4,20.77704
1,18,5,20.497375
1,18,6,20.851992
1,19,1,22.589779
1,19,2,21.683195
1,19,3,22.07617
1,19,4,21.997564
1,19,5,21.76834
1,19,6,21.857756
1,20,1,22.823498
1,20,2,21.96068
1,20,3,22.32342
1,20,4,22.215006
1,20,5,22.045116
1,20,6,22.14343
1,21,1,22.727432
1,21,2,21.826355
1,21,3,22.181398
1,21,4,22.058388
1,21,5,21.89188
1,21,6,22.04422
1,22,1,22.346096
1,22,2,21.447565
1,22,3,21.813364
1,22,4,21.727264
1,22,5,21.508665
1,22,6,21.69609
1,23,1,22.41745
1,23,2,21.518078
1,23,3,21.915638
1,23,4,21.788523
1,23,5,21.590042
1,23,6,21.75737
2,0,1,22.172535
2,0,2,21.229002
2,0,3,21.639847
2,0,4,21.481321
2,0,5,21.283798
2,0,6,21.52351
2,1,1,22.439833
2,1,2,21.38209
2,1,3,21.853176
2,1,4,21.73294
2,1,5,21.439245
2,1,6,21.712685
2,2,1,23.120926
2,2,2,21.827763
2,2,3,22.314762
2,2,4,22.244955
2,2,5,21.879152
2,2,6,22.221163
2,3,1,22.60181
2,3,2,21.69593
2,3,3,22.144304
2,3,4,22.030943
2,3,5,21.766336
2,3,6,21.958414
2,4,1,22.865484
2,4,2,21.933142
2,4,3,22.396687
2,4,4,22.262749
2,4,5,22.019949
2,4,6,22.18038
2,5,1,22.406792
2,5,2,21.476595
2,5,3,21.888348
2,5,4,21.708542
2,5,5,21.535303
2,5,6,21.76271
2,6,1,22.651934
2,6,2,21.661371
2,6,3,22.121492
2,6,4,21.99734
2,6,5,21.729252
2,6,6,21.948454
2,7,1,23.09048
2,7,2,22.19117
2,7,3,22.647749
2,7,4,22.517048
2,7,5,22.287209
2,7,6,22.396702
2,8,1,22.692322
2,8,2,21.802464
2,8,3,22.198347
2,8,4,22.045298
2,8,5,21.875174
2,8,6,22.042955
2,9,1,23.737827
2,9,2,23.1223
2,9,3,23.511063
2,9,4,23.261267
2,9,5,23.225622
2,9,6,23.106508
2,10,1,22.395594
2,10,2,21.759659
2,10,3,22.080105
2,10,4,21.76572
2,10,5,21.6997
2,10,6,21.898937
2,11,1,22.426609
2,11,2,21.831312
2,11,3,22.113676
2,11,4,21.883144
2,11,5,21.762785
2,11,6,21.837559
2,12,1,22.347542
2,12,2,21.717573
2,12,3,21.978258
2,12,4,21.793358
2,12,5,21.656038
2,12,6,21.787903
2,13,1,22.403755
2,13,2,21.759556
2,13,3,21.997173
2,13,4,21.851532
2,13,5,21.703066
2,13,6,21.849043
2,14,1,22.655369
2,14,2,22.021414
2,14,3,22.251598
2,14,4,22.138256
2,14,5,21.980274
2,14,6,22.11355
2,15,1,21.932575
2,15,2,21.187557
2,15,3,21.42971
2,15,4,21.386698
2,15,5,21.128942
2,15,6,21.50338
2,16,1,22.39502
2,16,2,21.894274
2,16,3,22.061996
2,16,4,22.01251
2,16,5,21.8283
2,16,6,21.990608
2,17,1,21.986498
2,17,2,21.492369
2,17,3,21.675537
2,17,4,21.689482
2,17,5,21.438745
2,17,6,21.765013
2,18,1,22.13204
2,18,2,21.720934
2,18,3,21.85331
2,18,4,21.899141
2,18,5,21.64706
2,18,6,21.895237
2,19,1,22.577984
2,19,2,21.371347
2,19,3,21.774723
2,19,4,21.754213
2,19,5,21.374983
2,19,6,21.626621
2,20,1,22.733538
2,20,2,21.661974
2,20,3,22.110321
2,20,4,22.093203
2,20,5,21.766521
2,20,6,21.768517
2,21,1,22.51089
2,21,2,21.611752
2,21,3,21.957895
2,21,4,21.905956
2,21,5,21.656
2,21,6,21.810818
2,22,1,22.931023
2,22,2,22.091736
2,22,3,22.440617
2,22,4,22.345396
2,22,5,22.173502
2,22,6,22.243448
2,23,1,22.722528
2,23,2,21.839376
2,23,3,22.175854
2,23,4,22.069565
2,23,5,21.894527
2,23,6,22.043987
3,0,1,22.45731
3,0,2,21.553288
3,0,3,21.90764
3,0,4,21.799282
3,0,5,21.610285
3,0,6,21.797035
3,1,1,22.567184
3,1,2,21.707844
3,1,3,22.085457
3,1,4,21.996136
3,1,5,21.788351
3,1,6,21.906467
3,2,1,23.223103
3,2,2,22.421938
3,2,3,22.80348
3,2,4,22.683084
3,2,5,22.53297
3,2,6,22.537249
3,3,1,22.90239
3,3,2,22.026348
3,3,3,22.3738
3,3,4,22.257042
3,3,5,22.094307
3,3,6,22.21836
3,4,1,22.873495
3,4,2,22.026846
3,4,3,22.379288
3,4,4,22.277397
3,4,5,22.105473
3,4,6,22.202156
3,5,1,22.65379
3,5,2,21.76526
3,5,3,22.126043
3,5,4,22.02161
3,5,5,21.833765
3,5,6,21.983692
3,6,1,22.57397
3,6,2,21.70998
3,6,3,22.085363
3,6,4,21.999693
3,6,5,21.789083
3,6,6,21.916273
3,7,1,23.222628
3,7,2,22.422312
3,7,3,22.803293
3,7,4,22.68321
3,7,5,22.533108
3,7,6,22.537357
3,8,1,23.360481
3,8,2,22.544107
3,8,3,22.885054
3,8,4,22.764334
3,8,5,22.634449
3,8,6,22.659342
3,9,1,23.120865
3,9,2,22.420576
3,9,3,22.731586
3,9,4,22.551603
3,9,5,22.46839
3,9,6,22.507153
3,10,1,22.582615
3,10,2,22.035013
3,10,3,22.306908
3,10,4,22.102484
3,10,5,21.95958
3,10,6,22.019861
3,11,1,22.750648
3,11,2,22.263472
3,11,3,22.497791
3,11,4,22.327953
3,11,5,22.205978
3,11,6,22.20132
3,12,1,22.722033
3,12,2,22.120098
3,12,3,22.343353
3,12,4,22.282887
3,12,5,22.067606
3,12,6,22.206339
3,13,1,22.538849
3,13,2,21.86501
3,13,3,22.108536
3,13,4,22.070013
3,13,5,21.838076
3,13,6,22.10183
3,14,1,22.381046
3,14,2,21.766117
3,14,3,22.000664
3,14,4,21.974064
3,14,5,21.737118
3,14,6,22.0376
3,15,1,22.49782
3,15,2,21.866165
3,15,3,22.108948
3,15,4,22.07562
3,15,5,21.863008
3,15,6,22.168306
3,16,1,22.264091
3,16,2,21.76226
3,16,3,21.963043
3,16,4,22.028454
3,16,5,21.693098
3,16,6,22.072023
3,17,1,22.047186
3,17,2,21.55751
3,17,3,21.748875
3,17,4,21.824833
3,17,5,21.488176
3,17,6,21.901886
3,18,1,21.513786
3,18,2,20.973158
3,18,3,21.134941
3,18,4,21.205685
3,18,5,20.878075
3,18,6,21.327658
3,19,1,22.880053
3,19,2,21.663095
3,19,3,22.143175
3,19,4,22.08159
3,19,5,21.75169
3,19,6,21.807781
3,20,1,22.57364
3,20,2,21.685383
3,20,3,22.015234
3,20,4,22.009779
3,20,5,21.71844
3,20,6,21.841564
3,21,1,22.963072
3,21,2,22.098146
3,21,3,22.44607
3,21,4,22.357584
3,21,5,22.16698
3,21,6,22.246702
3,22,1,22.5111
3,22,2,21.587273
3,22,3,21.922728
3,22,4,21.82512
3,22,5,21.619297
3,22,6,21.822828
3,23,1,22.443157
3,23,2,21.552807
3,23,3,21.91204
3,23,4,21.813135
3,23,5,21.617249
3,23,6,21.784657
4,0,1,23.0269
4,0,2,22.221874
4,0,3,22.595627
4,0,4,22.501184
4,0,5,22.326105
4,0,6,22.347178
4,1,1,23.12778
4,1,2,22.277794
4,1,3,22.634144
4,1,4,22.516186
4,1,5,22.365282
4,1,6,22.433945
4,2,1,22.474241
4,2,2,21.553953
4,2,3,21.898146
4,2,4,21.777607
4,2,5,21.598497
4,2,6,21.814331
4,3,1,22.562614
4,3,2,21.71049
4,3,3,22.084326
4,3,4,21.996702
4,3,5,21.789309
4,3,6,21.905373
4,4,1,22.995514
4,4,2,22.163847
4,4,3,22.54885
4,4,4,22.430052
4,4,5,22.263666
4,4,6,22.317612
4,5,1,22.816624
4,5,2,21.970322
4,5,3,22.337336
4,5,4,22.250986
4,5,5,22.055662
4,5,6,22.154005
4,6,1,22.356264
4,6,2,21.451464
4,6,3,21.830706
4,6,4,21.748304
4,6,5,21.519089
4,6,6,21.706562
4,7,1,22.71124
4,7,2,21.842436
4,7,3,22.24189
4,7,4,22.097189
4,7,5,21.927671
4,7,6,22.039877
4,8,1,22.951984
4,8,2,22.113367
4,8,3,22.500164
4,8,4,22.361212
4,8,5,22.204384
4,8,6,22.283798
4,9,1,22.909199
4,9,2,22.192728
4,9,3,22.57534
4,9,4,22.385899
4,9,5,22.258297
4,9,6,22.306011
4,10,1,22.187595
4,10,2,21.518244
4,10,3,21.90389
4,10,4,21.520794
4,10,5,21.46232
4,10,6,21.71239
4,11,1,23.126038
4,11,2,22.422915
4,11,3,22.75946
4,11,4,22.520683
4,11,5,22.404177
4,11,6,22.4437
4,12,1,22.532501
4,12,2,21.952354
4,12,3,22.193895
4,12,4,22.053513
4,12,5,21.89229
4,12,6,22.003332
4,13,1,22.906773
4,13,2,22.321558
4,13,3,22.554825
4,13,4,22.4601
4,13,5,22.28991
4,13,6,22.381815
4,14,1,22.820015
4,14,2,22.165924
4,14,3,22.419928
4,14,4,22.390469
4,14,5,22.160393
4,14,6,22.398726
4,15,1,22.313934
4,15,2,21.663574
4,15,3,21.92824
4,15,4,21.928251
4,15,5,21.636238
4,15,6,22.062273
4,16,1,22.29661
4,16,2,21.774195
4,16,3,21.975733
4,16,4,22.062693
4,16,5,21.688866
4,16,6,22.09987
4,17,1,22.353899
4,17,2,21.833939
4,17,3,22.032114
4,17,4,22.124369
4,17,5,21.764648
4,17,6,22.165352
4,18,1,21.682716
4,18,2,20.98562
4,18,3,21.17635
4,18,4,21.301504
4,18,5,20.888996
4,18,6,21.406172
4,19,1,23.238558
4,19,2,22.200068
4,19,3,22.569145
4,19,4,22.563265
4,19,5,22.239283
4,19,6,22.301926
4,20,1,22.252544
4,20,2,21.12075
4,20,3,21.481388
4,20,4,21.49553
4,20,5,21.1074
4,20,6,21.374779
4,21,1,22.34438
4,21,2,21.43292
4,21,3,21.779776
4,21,4,21.783594
4,21,5,21.467491
4,21,6,21.61229
4,22,1,22.475122
4,22,2,21.568579
4,22,3,21.936806
4,22,4,21.849401
4,22,5,21.635368
4,22,6,21.795116
4,23,1,22.860811
4,23,2,22.017893
4,23,3,22.387655
4,23,4,22.294413
4,23,5,22.111654
4,23,6,22.179882
5,0,1,22.886583
5,0,2,22.02042
5,0,3,22.3821
5,0,4,22.273766
5,0,5,22.101734
5,0,6,22.203985
5,1,1,22.650494
5,1,2,21.766228
5,1,3,22.125647
5,1,4,22.023048
5,1,5,21.834658
5,1,6,21.982939
5,2,1,22.802738
5,2,2,21.967714
5,2,3,22.340134
5,2,4,22.25229
5,2,5,22.058205
5,2,6,22.136456
5,3,1,22.814865
5,3,2,21.966127
5,3,3,22.340828
5,3,4,22.253752
5,3,5,22.057178
5,3,6,22.146763
5,4,1,22.813337
5,4,2,21.966719
5,4,3,22.340424
5,4,4,22.254034
5,4,5,22.057364
5,4,6,22.146322
5,5,1,23.041807
5,5,2,22.224573
5,5,3,22.595173
5,5,4,22.506777
5,5,5,22.326555
5,5,6,22.366354
5,6,1,22.44064
5,6,2,21.505096
5,6,3,21.869097
5,6,4,21.757751
5,6,5,21.557932
5,6,6,21.774097
5,7,1,22.977057
5,7,2,22.166271
5,7,3,22.54577
5,7,4,22.428402
5,7,5,22.264254
5,7,6,22.303503
5,8,1,23.050049
5,8,2,22.228865
5,8,3,22.594767
5,8,4,22.504745
5,8,5,22.325914
5,8,6,22.375479
5,9,1,23.509157
5,9,2,22.851187
5,9,3,23.205446
5,9,4,23.010296
5,9,5,22.952772
5,9,6,22.89286
5,10,1,22.31384
5,10,2,21.734509
5,10,3,22.013235
5,10,4,21.808561
5,10,5,21.648737
5,10,6,21.772043
5,11,1,22.715256
5,11,2,22.178919
5,11,3,22.447529
5,11,4,22.237135
5,11,5,22.1266
5,11,6,22.13278
5,12,1,22.806458
5,12,2,22.244574
5,12,3,22.483881
5,12,4,22.364574
5,12,5,22.207687
5,12,6,22.285698
5,13,1,22.628891
5,13,2,22.01603
5,13,3,22.250551
5,13,4,22.22198
5,13,5,21.98291
5,13,6,22.204962
5,14,1,22.553839
5,14,2,21.849577
5,14,3,22.105392
5,14,4,22.066862
5,14,5,21.834553
5,14,6,22.134253
5,15,1,22.324247
5,15,2,21.719126
5,15,3,21.959835
5,15,4,21.940817
5,15,5,21.695295
5,15,6,22.050745
5,16,1,22.40493
5,16,2,21.887333
5,16,3,22.10161
5,16,4,22.129112
5,16,5,21.849392
5,16,6,22.19466
5,17,1,22.535172
5,17,2,22.064455
5,17,3,22.263454
5,17,4,22.350359
5,17,5,22.008589
5,17,6,22.374739
5,18,1,21.690529
5,18,2,20.883114
5,18,3,21.099632
5,18,4,21.238447
5,18,5,20.787132
5,18,6,21.337904
5,19,1,22.089981
5,19,2,21.112373
5,19,3,21.399466
5,19,4,21.446018
5,19,5,21.061764
5,19,6,21.396448
5,20,1,22.774187
5,20,2,21.650675
5,20,3,22.124187
5,20,4,22.08943
5,20,5,21.761955
5,20,6,21.770012
5,21,1,22.73007
5,21,2,21.872967
5,21,3,22.212273
5,21,4,22.163553
5,21,5,21.92907
5,21,6,22.028917
5,22,1,22.969486
5,22,2,22.09912
5,22,3,22.439617
5,22,4,22.342358
5,22,5,22.160885
5,22,6,22.255112
5,23,1,22.735365
5,23,2,21.847225
5,23,3,22.176823
5,23,4,22.078604
5,23,5,21.890125
5,23,6,22.042196
6,0,1,22.702286
6,0,2,21.842075
6,0,3,22.179682
6,0,4,22.083971
6,0,5,21.903807
6,0,6,22.03276
6,1,1,22.919767
6,1,2,22.066557
6,1,3,22.418043
6,1,4,22.302675
6,1,5,22.146917
6,1,6,22.23796
6,2,1,22.698088
6,2,2,21.810312
6,2,3,22.158228
6,2,4,22.039597
6,2,5,21.872545
6,2,6,22.027115
6,3,1,22.86543
6,3,2,22.024662
6,3,3,22.38264
6,3,4,22.285627
6,3,5,22.109344
6,3,6,22.191744
6,4,1,23.112934
6,4,2,22.279718
6,4,3,22.636135
6,4,4,22.526625
6,4,5,22.371477
6,4,6,22.423893
6,5,1,23.391598
6,5,2,22.583416
6,5,3,22.91786
6,5,4,22.787125
6,5,5,22.673927
6,5,6,22.695251
6,6,1,22.286201
6,6,2,21.358004
6,6,3,21.647095
6,6,4,21.559189
6,6,5,21.35171
6,6,6,21.588192
6,7,1,23.29519
6,7,2,22.53664
6,7,3,22.898533
6,7,4,22.812704
6,7,5,22.65731
6,7,6,22.6034
6,8,1,22.979061
6,8,2,22.107218
6,8,3,22.422062
6,8,4,22.307999
6,8,5,22.156553
6,8,6,22.269884
6,9,1,23.285252
6,9,2,22.623312
6,9,3,22.94416
6,9,4,22.777046
6,9,5,22.698835
6,9,6,22.68511
6,10,1,23.041977
6,10,2,22.656595
6,10,3,22.861404
6,10,4,22.733953
6,10,5,22.598118
6,10,6,22.593641
6,11,1,22.867985
6,11,2,22.446232
6,11,3,22.604237
6,11,4,22.653805
6,11,5,22.382458
6,11,6,22.477398
6,12,1,22.772987
6,12,2,22.397846
6,12,3,22.57263
6,12,4,22.612305
6,12,5,22.33799
6,12,6,22.522528
6,13,1,22.961073
6,13,2,22.540947
6,13,3,22.731018
6,13,4,22.78825
6,13,5,22.48106
6,13,6,22.657558
6,14,1,22.708685
6,14,2,22.201366
6,14,3,22.429867
6,14,4,22.47542
6,14,5,22.180586
6,14,6,22.452143
6,15,1,22.486603
6,15,2,21.998184
6,15,3,22.203485
6,15,4,22.293135
6,15,5,21.909357
6,15,6,22.240198
6,16,1,22.08332
6,16,2,21.484215
6,16,3,21.72483
6,16,4,21.727623
6,16,5,21.468779
6,16,6,21.86633
6,17,1,22.179518
6,17,2,21.785482
6,17,3,21.942894
6,17,4,21.998077
6,17,5,21.719212
6,17,6,22.03353
6,18,1,22.314638
6,18,2,21.81233
6,18,3,21.97106
6,18,4,22.057568
6,18,5,21.755943
6,18,6,22.045681
6,19,1,23.016443
6,19,2,22.075771
6,19,3,22.374033
6,19,4,22.393059
6,19,5,22.06697
6,19,6,22.25443
6,20,1,22.885939
6,20,2,21.913416
6,20,3,22.215607
6,20,4,22.258913
6,20,5,21.901047
6,20,6,22.06887
6,21,1,23.184748
6,21,2,22.167107
6,21,3,22.51799
6,21,4,22.519274
6,21,5,22.200043
6,21,6,22.268452
6,22,1,22.941372
6,22,2,21.895874
6,22,3,22.248146
6,22,4,22.255373
6,22,5,21.916649
6,22,6,22.036509
6,23,1,22.757313
6,23,2,21.652958
6,23,3,22.052614
6,23,4,22.042171
6,23,5,21.699917
6,23,6,21.803095
7,0,1,23.219463
7,0,2,22.159737
7,0,3,22.611202
7,0,4,22.571293
7,0,5,22.281979
7,0,6,22.210865
7,1,1,23.006344
7,1,2,21.885223
7,1,3,22.331705
7,1,4,22.276648
7,1,5,21.982594
7,1,6,21.983576
7,2,1,23.048916
7,2,2,22.19329
7,2,3,22.51659
7,2,4,22.493174
7,2,5,22.241686
7,2,6,22.287247
7,3,1,22.857876
7,3,2,21.925442
7,3,3,22.247276
7,3,4,22.19771
7,3,5,21.947031
7,3,6,22.07502
7,4,1,22.967001
7,4,2,22.132511
7,4,3,22.453043
7,4,4,22.384424
7,4,5,22.186504
7,4,6,22.257977
7,5,1,22.98887
7,5,2,22.124708
7,5,3,22.444193
7,5,4,22.359646
7,5,5,22.170181
7,5,6,22.263401
7,6,1,22.979155
7,6,2,22.131163
7,6,3,22.44309
7,6,4,22.36473
7,6,5,22.175621
7,6,6,22.259176
7,7,1,23.210957
7,7,2,22.386856
7,7,3,22.698313
7,7,4,22.615757
7,7,5,22.442987
7,7,6,22.480692
7,8,1,22.395002
7,8,2,21.42561
7,8,3,21.725042
7,8,4,21.684814
7,8,5,21.410515
7,8,6,21.620506
7,9,1,23.296091
7,9,2,22.67069
7,9,3,23.0097
7,9,4,22.86583
7,9,5,22.761927
7,9,6,22.682665
7,10,1,22.236778
7,10,2,21.68536
7,10,3,21.93414
7,10,4,21.786995
7,10,5,21.58287
7,10,6,21.713774
7,11,1,22.947918
7,11,2,22.433153
7,11,3,22.703999
7,11,4,22.490723
7,11,5,22.395132
7,11,6,22.354303
7,12,1,22.505472
7,12,2,21.876268
7,12,3,22.101278
7,12,4,22.048729
7,12,5,21.808023
7,12,6,21.997816
7,13,1,22.3111
7,13,2,21.62975
7,13,3,21.864826
7,13,4,21.80751
7,13,5,21.568647
7,13,6,21.82196
7,14,1,22.50803
7,14,2,21.84097
7,14,3,22.0766
7,14,4,22.001616
7,14,5,21.80278
7,14,6,22.019527
7,15,1,22.442957
7,15,2,21.752779
7,15,3,21.996265
7,15,4,21.94921
7,15,5,21.734858
7,15,6,22.025093
7,16,1,22.129236
7,16,2,21.622137
7,16,3,21.825537
7,16,4,21.834854
7,16,5,21.589785
7,16,6,21.929846
7,17,1,22.35488
7,17,2,21.939781
7,17,3,22.113874
7,17,4,22.151495
7,17,5,21.899637
7,17,6,22.170946
7,18,1,21.857435
7,18,2,21.255629
7,18,3,21.444567
7,18,4,21.539787
7,18,5,21.183493
7,18,6,21.636095
7,19,1,22.88804
7,19,2,22.02992
7,19,3,22.324505
7,19,4,22.318272
7,19,5,22.04664
7,19,6,22.190027
7,20,1,23.18974
7,20,2,22.155159
7,20,3,22.512201
7,20,4,22.51133
7,20,5,22.187778
7,20,6,22.2649
7,21,1,22.938957
7,21,2,21.897835
7,21,3,22.24826
7,21,4,22.256441
7,21,5,21.918379
7,21,6,22.036627
7,22,1,23.214602
7,22,2,22.168333
7,22,3,22.561981
7,22,4,22.547207
7,22,5,22.237873
7,22,6,22.242989
7,23,1,23.216766
7,23,2,22.145966
7,23,3,22.544285
7,23,4,22.51898
7,23,5,22.213818
7,23,6,22.231037
8,0,1,22.982832
8,0,2,21.892822
8,0,3,22.290709
8,0,4,22.271109
8,0,5,21.9492
8,0,6,22.01149
8,1,1,23.476597
8,1,2,22.422798
8,1,3,22.858868
8,1,4,22.822859
8,1,5,22.54003
8,1,6,22.436506
8,2,1,23.212238
8,2,2,22.126362
8,2,3,22.528936
8,2,4,22.501106
8,2,5,22.193832
8,2,6,22.21922
8,3,1,23.208195
8,3,2,22.153515
8,3,3,22.546444
8,3,4,22.527155
8,3,5,22.221218
8,3,6,22.23196
8,4,1,22.986376
8,4,2,21.890524
8,4,3,22.29054
8,4,4,22.268894
8,4,5,21.947065
8,4,6,22.011526
8,5,1,23.24712
8,5,2,22.165617
8,5,3,22.604193
8,5,4,22.570805
8,5,5,22.271511
8,5,6,22.216526
8,6,1,23.02664
8,6,2,21.882936
8,6,3,22.332483
8,6,4,22.287945
8,6,5,21.976227
8,6,6,21.985773
8,7,1,23.444365
8,7,2,22.412819
8,7,3,22.854727
8,7,4,22.809969
8,7,5,22.540894
8,7,6,22.429539
8,8,1,23.259312
8,8,2,22.131863
8,8,3,22.568846
8,8,4,22.516495
8,8,5,22.228489
8,8,6,22.183538
8,9,1,23.205814
8,9,2,22.381866
8,9,3,22.731611
8,9,4,22.70328
8,9,5,22.46693
8,9,6,22.386679
8,10,1,22.543438
8,10,2,22.228329
8,10,3,22.38189
8,10,4,22.352602
8,10,5,22.150652
8,10,6,22.19316
8,11,1,22.20011
8,11,2,21.797287
8,11,3,21.970694
8,11,4,21.950583
8,11,5,21.721209
8,11,6,21.939972
8,12,1,23.299477
8,12,2,23.072994
8,12,3,23.167294
8,12,4,23.194628
8,12,5,22.972961
8,12,6,22.821573
8,13,1,22.199356
8,13,2,21.33695
8,13,3,21.630482
8,13,4,21.604122
8,13,5,21.332973
8,13,6,21.795471
8,14,1,22.471422
8,14,2,22.022106
8,14,3,22.135723
8,14,4,22.250708
8,14,5,21.93602
8,14,6,22.16469
8,15,1,21.75197
8,15,2,21.138489
8,15,3,21.309412
8,15,4,21.405968
8,15,5,21.046404
8,15,6,21.440756
8,16,1,22.669888
8,16,2,22.397068
8,16,3,22.55153
8,16,4,22.489302
8,16,5,22.2977
8,16,6,22.22624
8,17,1,21.751013
8,17,2,21.009123
8,17,3,21.292793
8,17,4,21.16402
8,17,5,20.976036
8,17,6,21.344324
8,18,1,22.147217
8,18,2,21.761358
8,18,3,21.867123
8,18,4,21.917799
8,18,5,21.666546
8,18,6,21.78933
8,19,1,22.955841
8,19,2,21.795713
8,19,3,22.252178
8,19,4,22.166582
8,19,5,21.882729
8,19,6,21.961166
8,20,1,22.978079
8,20,2,21.903591
8,20,3,22.345646
8,20,4,22.308043
8,20,5,22.008707
8,20,6,21.988754
8,21,1,23.062096
8,21,2,22.188263
8,21,3,22.516953
8,21,4,22.487514
8,21,5,22.235891
8,21,6,22.289497
8,22,1,22.624943
8,22,2,21.670128
8,22,3,21.99206
8,22,4,21.94719
8,22,5,21.68015
8,22,6,21.85327
8,23,1,22.941175
8,23,2,22.107924
8,23,3,22.444674
8,23,4,22.366268
8,23,5,22.176651
8,23,6,22.242706
9,0,1,22.745955
9,0,2,21.842596
9,0,3,22.1778
9,0,4,22.074884
9,0,5,21.885725
9,0,6,22.044018
9,1,1,22.927952
9,1,2,22.10111
9,1,3,22.43415
9,1,4,22.338274
9,1,5,22.17395
9,1,6,22.252195
9,2,1,22.722483
9,2,2,21.839998
9,2,3,22.175417
9,2,4,22.068724
9,2,5,21.894472
9,2,6,22.044226
9,3,1,22.685476
9,3,2,21.811298
9,3,3,22.162325
9,3,4,22.052074
9,3,5,21.879538
9,3,6,22.016981
9,4,1,22.869736
9,4,2,22.022713
9,4,3,22.383488
9,4,4,22.28433
9,4,5,22.108128
9,4,6,22.19243
9,5,1,22.65541
9,5,2,21.764174
9,5,3,22.126604
9,5,4,22.021534
9,5,5,21.833342
9,5,6,21.983759
9,6,1,23.030195
9,6,2,22.225883
9,6,3,22.59475
9,6,4,22.50536
9,6,5,22.327541
9,6,6,22.356037
9,7,1,22.671196
9,7,2,21.762163
9,7,3,22.124424
9,7,4,22.010153
9,7,5,21.826723
9,7,6,21.99431
9,8,1,22.80027
9,8,2,21.971447
9,8,3,22.341208
9,8,4,22.255035
9,8,5,22.060678
9,8,6,22.136108
9,9,1,23.19618
9,9,2,22.51101
9,9,3,22.890247
9,9,4,22.711134
9,9,5,22.59896
9,9,6,22.572914
9,10,1,22.22811
9,10,2,21.56246
9,10,3,21.88943
9,10,4,21.575914
9,10,5,21.491865
9,10,6,21.715084
9,11,1,22.477211
9,11,2,21.780153
9,11,3,22.099577
9,11,4,21.86403
9,11,5,21.720566
9,11,6,21.837698
9,12,1,22.4743
9,12,2,21.782055
9,12,3,22.042522
9,12,4,21.854874
9,12,5,21.71317
9,12,6,21.837845
9,13,1,22.366037
9,13,2,21.623909
9,13,3,21.85815
9,13,4,21.711838
9,13,5,21.551615
9,13,6,21.738531
9,14,1,22.578623
9,14,2,21.848244
9,14,3,22.081705
9,14,4,21.927761
9,14,5,21.796762
9,14,6,21.951378
9,15,1,22.161146
9,15,2,21.437153
9,15,3,21.668032
9,15,4,21.548103
9,15,5,21.372301
9,15,6,21.616642
9,16,1,22.06266
9,16,2,21.391155
9,16,3,21.634504
9,16,4,21.486248
9,16,5,21.338781
9,16,6,21.57064
9,17,1,21.964636
9,17,2,21.379766
9,17,3,21.600424
9,17,4,21.476542
9,17,5,21.31333
9,17,6,21.530117
9,18,1,21.801651
9,18,2,21.409817
9,18,3,21.568909
9,18,4,21.518648
9,18,5,21.31552
9,18,6,21.56153
9,19,1,22.542528
9,19,2,21.614477
9,19,3,21.980251
9,19,4,21.913527
9,19,5,21.659311
9,19,6,21.796444
9,20,1,22.790903
9,20,2,21.634846
9,20,3,22.101933
9,20,4,22.046867
9,20,5,21.73267
9,20,6,21.77261
9,21,1,22.261993
9,21,2,21.362259
9,21,3,21.702145
9,21,4,21.66242
9,21,5,21.395918
9,21,6,21.58679
9,22,1,22.904394
9,22,2,22.058891
9,22,3,22.427969
9,22,4,22.324152
9,22,5,22.155619
9,22,6,22.215118
9,23,1,22.475494
9,23,2,21.549086
9,23,3,21.90504
9,23,4,21.785767
9,23,5,21.601713
9,23,6,21.807785
10,0,1,22.563416
10,0,2,21.709612
10,0,3,22.084723
10,0,4,21.996977
10,0,5,21.789059
10,0,6,21.90523
10,1,1,22.767218
10,1,2,21.905888
10,1,3,22.294159
10,1,4,22.17733
10,1,5,21.994452
10,1,6,22.097599
10,2,1,22.76877
10,2,2,21.91149
10,2,3,22.293104
10,2,4,22.181583
10,2,5,21.996635
10,2,6,22.10644
10,3,1,22.540796
10,3,2,21.653753
10,3,3,22.03827
10,3,4,21.928608
10,3,5,21.727444
10,3,6,21.886955
10,4,1,22.716875
10,4,2,21.84874
10,4,3,22.242813
10,4,4,22.102184
10,4,5,21.930965
10,4,6,22.05235
10,5,1,22.950357
10,5,2,22.111902
10,5,3,22.498123
10,5,4,22.359371
10,5,5,22.20278
10,5,6,22.283253
10,6,1,22.772446
10,6,2,21.915802
10,6,3,22.291834
10,6,4,22.184225
10,6,5,21.997904
10,6,6,22.115513
10,7,1,22.540606
10,7,2,21.654104
10,7,3,22.038076
10,7,4,21.928534
10,7,5,21.72754
10,7,6,21.887218
10,8,1,22.946644
10,8,2,22.108624
10,8,3,22.49935
10,8,4,22.356747
10,8,5,22.201937
10,8,6,22.27336
10,9,1,22.908644
10,9,2,22.191446
10,9,3,22.574629
10,9,4,22.385036
10,9,5,22.257324
10,9,6,22.305264
10,10,1,22.192152
10,10,2,21.524725
10,10,3,21.909813
10,10,4,21.526768
10,10,5,21.468088
10,10,6,21.715466
10,11,1,23.131184
10,11,2,22.42507
10,11,3,22.760944
10,11,4,22.522768
10,11,5,22.406584
10,11,6,22.44691
10,12,1,22.070509
10,12,2,21.429974
10,12,3,21.677996
10,12,4,21.541815
10,12,5,21.347797
10,12,6,21.559765
10,13,1,22.720802
10,13,2,22.10217
10,13,3,22.336025
10,13,4,22.183783
10,13,5,22.062254
10,13,6,22.14365
10,14,1,22.43142
10,14,2,21.767076
10,14,3,22.00425
10,14,4,21.924213
10,14,5,21.713673
10,14,6,21.929302
10,15,1,22.2248
10,15,2,21.541433
10,15,3,21.773756
10,15,4,21.719973
10,15,5,21.488825
10,15,6,21.768982
10,16,1,22.146107
10,16,2,21.482618
10,16,3,21.700268
10,16,4,21.658012
10,16,5,21.437038
10,16,6,21.738522
10,17,1,22.248438
10,17,2,21.848728
10,17,3,22.00168
10,17,4,22.009857
10,17,5,21.793482
10,17,6,22.023474
10,18,1,21.482622
10,18,2,20.927074
10,18,3,21.103382
10,18,4,21.166056
10,18,5,20.831457
10,18,6,21.306557
10,19,1,22.328531
10,19,2,21.576342
10,19,3,21.863232
10,19,4,21.838106
10,19,5,21.57215
10,19,6,21.707085
10,20,1,23.051384
10,20,2,21.881786
10,20,3,22.363949
10,20,4,22.293245
10,20,5,21.993876
10,20,6,21.99591
10,21,1,22.813488
10,21,2,21.937132
10,21,3,22.260923
10,21,4,22.24279
10,21,5,21.97451
10,21,6,22.066126
10,22,1,22.299541
10,22,2,21.3512
10,22,3,21.690079
10,22,4,21.619078
10,22,5,21.371185
10,22,6,21.601387
10,23,1,22.891106
10,23,2,22.064684
10,23,3,22.426067
10,23,4,22.329409
10,23,5,22.159885
10,23,6,22.2126
11,0,1,22.478941
11,0,2,21.54793
11,0,3,21.90547
11,0,4,21.784271
11,0,5,21.600718
11,0,6,21.808544
11,1,1,22.562841
11,1,2,21.70982
11,1,3,22.084652
11,1,4,21.997175
11,1,5,21.789162
11,1,6,21.904985
11,2,1,22.539091
11,2,2,21.647915
11,2,3,22.039474
11,2,4,21.92452
11,2,5,21.725218
11,2,6,21.877687
11,3,1,22.944834
11,3,2,22.106392
11,3,3,22.497614
11,3,4,22.355118
11,3,5,22.2001
11,3,6,22.27174
11,4,1,22.772692
11,4,2,21.915415
11,4,3,22.292091
11,4,4,22.184305
11,4,5,21.99782
11,4,6,22.115223
11,5,1,22.54058
11,5,2,21.654085
11,5,3,22.038084
11,5,4,21.928558
11,5,5,21.727535
11,5,6,21.887184
11,6,1,22.716898
11,6,2,21.848753
11,6,3,22.242807
11,6,4,22.102161
11,6,5,21.930967
11,6,6,22.052376
11,7,1,22.950352
11,7,2,22.111904
11,7,3,22.498121
11,7,4,22.359371
11,7,5,22.20278
11,7,6,22.283253
11,8,1,22.773977
11,8,2,21.91773
11,8,3,22.293678
11,8,4,22.186028
11,8,5,21.999655
11,8,6,22.11655
11,9,1,23.091534
11,9,2,22.39337
11,9,3,22.779655
11,9,4,22.585682
11,9,5,22.477402
11,9,6,22.48966
11,10,1,22.17259
11,10,2,21.549694
11,10,3,21.877558
11,10,4,21.521177
11,10,5,21.476105
11,10,6,21.705387
11,11,1,22.430168
11,11,2,21.653456
11,11,3,22.004402
11,11,4,21.76588
11,11,5,21.598297
11,11,6,21.776978
11,12,1,22.440018
11,12,2,21.729021
11,12,3,22.007486
11,12,4,21.801313
11,12,5,21.656595
11,12,6,21.776821
11,13,1,22.828402
11,13,2,22.115543
11,13,3,22.361475
11,13,4,22.18955
11,13,5,22.060919
11,13,6,22.142532
11,14,1,22.244774
11,14,2,21.46785
11,14,3,21.70798
11,14,4,21.58764
11,14,5,21.408728
11,14,6,21.675152
11,15,1,22.677923
11,15,2,22.057848
11,15,3,22.277111
11,15,4,22.138964
11,15,5,22.018047
11,15,6,22.11929
11,16,1,21.818802
11,16,2,21.091415
11,16,3,21.334522
11,16,4,21.268776
11,16,5,21.02785
11,16,6,21.392052
11,17,1,21.879446
11,17,2,21.387281
11,17,3,21.551422
11,17,4,21.486097
11,17,5,21.294436
11,17,6,21.538933
11,18,1,21.57158
11,18,2,21.12513
11,18,3,21.295145
11,18,4,21.237131
11,18,5,21.021753
11,18,6,21.32835
11,19,1,21.901726
11,19,2,21.193872
11,19,3,21.460072
11,19,4,21.42097
11,19,5,21.1423
11,19,6,21.33598
11,20,1,22.99063
11,20,2,22.119349
11,20,3,22.48198
11,20,4,22.409845
11,20,5,22.194796
11,20,6,22.24375
11,21,1,22.760372
11,21,2,21.86514
11,21,3,22.19053
11,21,4,22.109354
11,21,5,21.900805
11,21,6,22.043701
11,22,1,22.497272
11,22,2,21.59065
11,22,3,21.928785
11,22,4,21.841925
11,22,5,21.62929
11,22,6,21.812449
11,23,1,22.676514
11,23,2,21.808372
11,23,3,22.167692
11,23,4,22.064276
11,23,5,21.884933
11,23,6,22.005463
12,0,1,22.644882
12,0,2,21.76296
12,0,3,22.129593
12,0,4,22.030771
12,0,5,21.837942
12,0,6,21.972885
12,1,1,22.80434
12,1,2,21.96659
12,1,3,22.340672
12,1,4,22.252275
12,1,5,22.057852
12,1,6,22.136642
12,2,1,22.586441
12,2,2,21.708216
12,2,3,22.086111
12,2,4,22.001062
12,2,5,21.787981
12,2,6,21.926693
12,3,1,22.308338
12,3,2,21.391182
12,3,3,21.784204
12,3,4,21.672537
12,3,5,21.456509
12,3,6,21.657211
12,4,1,22.659744
12,4,2,21.780268
12,4,3,22.187893
12,4,4,22.018139
12,4,5,21.860216
12,4,6,21.989136
12,5,1,22.67279
12,5,2,21.793394
12,5,3,22.191626
12,5,4,22.029478
12,5,5,21.867933
12,5,6,22.01547
12,6,1,22.672674
12,6,2,21.794453
12,6,3,22.19134
12,6,4,22.029573
12,6,5,21.868347
12,6,6,22.016676
12,7,1,22.44449
12,7,2,21.536577
12,7,3,21.936613
12,7,4,21.776743
12,7,5,21.599144
12,7,6,21.796822
12,8,1,22.843431
12,8,2,21.984468
12,8,3,22.39107
12,8,4,22.198412
12,8,5,22.066929
12,8,6,22.172321
12,9,1,23.286366
12,9,2,22.609629
12,9,3,23.001856
12,9,4,22.75878
12,9,5,22.688793
12,9,6,22.675726
12,10,1,22.387604
12,10,2,21.729591
12,10,3,22.106478
12,10,4,21.71983
12,10,5,21.67977
12,10,6,21.90618
12,11,1,22.438334
12,11,2,21.749283
12,11,3,22.061872
12,11,4,21.825497
12,11,5,21.68577
12,11,6,21.815908
12,12,1,22.433443
12,12,2,21.753313
12,12,3,22.017641
12,12,4,21.82542
12,12,5,21.684973
12,12,6,21.810055
12,13,1,22.570238
12,13,2,21.87213
12,13,3,22.107344
12,13,4,21.952682
12,13,5,21.810091
12,13,6,21.941444
12,14,1,22.488417
12,14,2,21.770992
12,14,3,22.002172
12,14,4,21.875639
12,14,5,21.718754
12,14,6,21.903257
12,15,1,22.427809
12,15,2,21.74525
12,15,3,21.971346
12,15,4,21.871347
12,15,5,21.693897
12,15,6,21.895317
12,16,1,22.02366
12,16,2,21.3352
12,16,3,21.575407
12,16,4,21.493046
12,16,5,21.287714
12,16,6,21.593456
12,17,1,21.952017
12,17,2,21.497906
12,17,3,21.642672
12,17,4,21.636583
12,17,5,21.40738
12,17,6,21.666115
12,18,1,21.455336
12,18,2,21.021723
12,18,3,21.172485
12,18,4,21.15527
12,18,5,20.9129
12,18,6,21.26129
12,19,1,22.0318
12,19,2,21.46641
12,19,3,21.680214
12,19,4,21.644188
12,19,5,21.383389
12,19,6,21.514242
12,20,1,22.902567
12,20,2,21.916565
12,20,3,22.287256
12,20,4,22.234886
12,20,5,21.960464
12,20,6,22.072546
12,21,1,22.507446
12,21,2,21.616661
12,21,3,21.94406
12,21,4,21.88263
12,21,5,21.649143
12,21,6,21.817352
12,22,1,22.471699
12,22,2,21.577568
12,22,3,21.930586
12,22,4,21.839502
12,22,5,21.636211
12,22,6,21.803272
12,23,1,22.632553
12,23,2,21.76079
12,23,3,22.132563
12,23,4,22.040974
12,23,5,21.842522
12,23,6,21.96022
13,0,1,22.80701
13,0,2,21.965029
13,0,3,22.341377
13,0,4,22.251928
13,0,5,22.057306
13,0,6,22.137234
13,1,1,22.586065
13,1,2,21.708298
13,1,3,22.086065
13,1,4,22.001202
13,1,5,21.788023
13,1,6,21.926495
13,2,1,22.536615
13,2,2,21.649094
13,2,3,22.038916
13,2,4,21.925303
13,2,5,21.725716
13,2,6,21.877176
13,3,1,22.488773
13,3,2,21.590393
13,3,3,21.988258
13,3,4,21.849415
13,3,5,21.6616
13,3,6,21.832012
13,4,1,22.89473
13,4,2,22.045374
13,4,3,22.44462
13,4,4,22.276892
13,4,5,22.133673
13,4,6,22.223125
13,5,1,22.726738
13,5,2,21.858936
13,5,3,22.243456
13,5,4,22.110489
13,5,5,21.935783
13,5,6,22.073536
13,6,1,22.721899
13,6,2,21.854757
13,6,3,22.243092
13,6,4,22.10656
13,6,5,21.933825
13,6,6,22.06409
13,7,1,22.493822
13,7,2,21.596476
13,7,3,21.988535
13,7,4,21.853756
13,7,5,21.664488
13,7,6,21.843828
13,8,1,22.896233
13,8,2,22.047829
13,8,3,22.446344
13,8,4,22.278713
13,8,5,22.135637
13,8,6,22.224756
13,9,1,22.870901
13,9,2,22.144386
13,9,3,22.535158
13,9,4,22.320723
13,9,5,22.205507
13,9,6,22.272793
13,10,1,22.465372
13,10,2,21.958717
13,10,3,22.349749
13,10,4,21.894165
13,10,5,21.924767
13,10,6,22.099926
13,11,1,22.91645
13,11,2,22.265953
13,11,3,22.567879
13,11,4,22.322544
13,11,5,22.222786
13,11,6,22.269367
13,12,1,22.356127
13,12,2,21.723822
13,12,3,21.96571
13,12,4,21.82881
13,12,5,21.656298
13,12,6,21.816463
13,13,1,22.710548
13,13,2,22.084568
13,13,3,22.313183
13,13,4,22.197676
13,13,5,22.039158
13,13,6,22.150345
13,14,1,22.723148
13,14,2,22.061275
13,14,3,22.298306
13,14,4,22.236948
13,14,5,22.03001
13,14,6,22.22688
13,15,1,22.29579
13,15,2,21.614107
13,15,3,21.865713
13,15,4,21.837538
13,15,5,21.593016
13,15,6,21.94369
13,16,1,22.29021
13,16,2,21.749943
13,16,3,21.963497
13,16,4,21.95477
13,16,5,21.735266
13,16,6,22.058048
13,17,1,22.288162
13,17,2,21.85048
13,17,3,22.030869
13,17,4,22.106293
13,17,5,21.789217
13,17,6,22.140085
13,18,1,21.839012
13,18,2,21.264086
13,18,3,21.449396
13,18,4,21.543356
13,18,5,21.193417
13,18,6,21.648941
13,19,1,22.154377
13,19,2,21.629772
13,19,3,21.747448
13,19,4,21.838076
13,19,5,21.538412
13,19,6,21.731102
13,20,1,22.88253
13,20,2,21.629578
13,20,3,22.116213
13,20,4,22.04196
13,20,5,21.71556
13,20,6,21.79566
13,21,1,22.335701
13,21,2,21.431204
13,21,3,21.760492
13,21,4,21.761265
13,21,5,21.453737
13,21,6,21.619717
13,22,1,22.700594
13,22,2,21.828001
13,22,3,22.190825
13,22,4,22.101667
13,22,5,21.905535
13,22,6,22.01477
13,23,1,22.693415
13,23,2,21.806524
13,23,3,22.164316
13,23,4,22.05037
13,23,5,21.877075
13,23,6,22.017832
14,0,1,22.639526
14,0,2,21.76531
14,0,3,22.12856
14,0,4,22.032425
14,0,5,21.839436
14,0,6,21.972023
14,1,1,22.805172
14,1,2,21.966343
14,1,3,22.340763
14,1,4,22.25196
14,1,5,22.057722
14,1,6,22.137041
14,2,1,22.81452
14,2,2,21.966206
14,2,3,22.340784
14,2,4,22.253876
14,2,5,22.057217
14,2,6,22.146582
14,3,1,22.585184
14,3,2,21.708755
14,3,3,22.085741
14,3,4,22.001247
14,3,5,21.78814
14,3,6,21.926395
14,4,1,22.764944
14,4,2,21.90701
14,4,3,22.293621
14,4,4,22.178034
14,4,5,21.994917
14,4,6,22.09718
14,5,1,22.769123
14,5,2,21.911386
14,5,3,22.293148
14,5,4,22.181461
14,5,5,21.996584
14,5,6,22.106607
14,6,1,23.225395
14,6,2,22.42759
14,6,3,22.80236
14,6,4,22.686972
14,6,5,22.535107
14,6,6,22.546772
14,7,1,22.674154
14,7,2,21.769228
14,7,3,22.118671
14,7,4,22.003971
14,7,5,21.825226
14,7,6,21.998188
14,8,1,23.484026
14,8,2,22.74611
14,8,3,23.105083
14,8,4,23.013472
14,8,5,22.868666
14,8,6,22.795914
14,9,1,23.134254
14,9,2,22.404993
14,9,3,22.717936
14,9,4,22.527632
14,9,5,22.450836
14,9,6,22.505457
14,10,1,22.350636
14,10,2,21.791178
14,10,3,22.055828
14,10,4,21.857445
14,10,5,21.70119
14,10,6,21.806967
14,11,1,23.195997
14,11,2,22.755686
14,11,3,23.009811
14,11,4,22.797386
14,11,5,22.715305
14,11,6,22.59115
14,12,1,22.779146
14,12,2,22.124748
14,12,3,22.369614
14,12,4,22.341734
14,12,5,22.090612
14,12,6,22.283957
14,13,1,23.077871
14,13,2,22.513388
14,13,3,22.752728
14,13,4,22.720364
14,13,5,22.517824
14,13,6,22.680695
14,14,1,22.68973
14,14,2,22.02245
14,14,3,22.302416
14,14,4,22.324709
14,14,5,21.982561
14,14,6,22.346004
14,15,1,22.418312
14,15,2,21.707464
14,15,3,21.981024
14,15,4,22.026148
14,15,5,21.648382
14,15,6,22.103594
14,16,1,22.549694
14,16,2,21.93545
14,16,3,22.165522
14,16,4,22.261564
14,16,5,21.857182
14,16,6,22.27396
14,17,1,22.182032
14,17,2,21.350225
14,17,3,21.596859
14,17,4,21.725948
14,17,5,21.25699
14,17,6,21.759083
14,18,1,21.730839
14,18,2,20.92488
14,18,3,21.110067
14,18,4,21.253513
14,18,5,20.807331
14,18,6,21.334137
14,19,1,22.099218
14,19,2,21.525677
14,19,3,21.624891
14,19,4,21.76144
14,19,5,21.41676
14,19,6,21.669619
14,20,1,23.065456
14,20,2,21.902552
14,20,3,22.335535
14,20,4,22.290388
14,20,5,21.965187
14,20,6,22.044687
14,21,1,22.77677
14,21,2,21.655062
14,21,3,22.092558
14,21,4,22.069445
14,21,5,21.73751
14,21,6,21.774973
14,22,1,22.594501
14,22,2,21.678593
14,22,3,22.017712
14,22,4,22.003256
14,22,5,21.711407
14,22,6,21.844467
14,23,1,22.729078
14,23,2,21.842506
14,23,3,22.191118
14,23,4,22.10758
14,23,5,21.900251
14,23,6,22.025726
15,0,1,22.707405
15,0,2,21.838932
15,0,3,22.180933
15,0,4,22.083355
15,0,5,21.902033
15,0,6,22.033344
15,1,1,22.46209
15,1,2,21.551012
15,1,3,21.908512
15,1,4,21.797686
15,1,5,21.608818
15,1,6,21.797787
15,2,1,23.25108
15,2,2,22.481884
15,2,3,22.849472
15,2,4,22.754766
15,2,5,22.59612
15,2,6,22.565943
15,3,1,22.725105
15,3,2,21.809347
15,3,3,22.15068
15,3,4,22.01847
15,3,5,21.860283
15,3,6,22.03899
15,4,1,22.628927
15,4,2,21.770222
15,4,3,22.12671
15,4,4,22.036072
15,4,5,21.842678
15,4,6,21.970295
15,5,1,22.806868
15,5,2,21.965832
15,5,3,22.340954
15,5,4,22.251337
15,5,5,22.05746
15,5,6,22.137852
15,6,1,22.586023
15,6,2,21.708372
15,6,3,22.08603
15,6,4,22.001162
15,6,5,21.78804
15,6,6,21.926525
15,7,1,22.764835
15,7,2,21.907036
15,7,3,22.293612
15,7,4,22.178082
15,7,5,21.994932
15,7,6,22.097126
15,8,1,22.542456
15,8,2,21.655369
15,8,3,22.040298
15,8,4,21.930477
15,8,5,21.729116
15,8,6,21.887707
15,9,1,23.53699
15,9,2,22.896284
15,9,3,23.287365
15,9,4,23.059917
15,9,5,22.997097
15,9,6,22.906813
15,10,1,22.637533
15,10,2,22.053728
15,10,3,22.365961
15,10,4,22.046095
15,10,5,22.001806
15,10,6,22.13451
15,11,1,22.197872
15,11,2,21.637627
15,11,3,21.893776
15,11,4,21.694355
15,11,5,21.552107
15,11,6,21.658329
15,12,1,22.818724
15,12,2,22.248802
15,12,3,22.510849
15,12,4,22.315361
15,12,5,22.211697
15,12,6,22.235052
15,13,1,22.485353
15,13,2,21.842632
15,13,3,22.082909
15,13,4,21.99831
15,13,5,21.78021
15,13,6,21.964916
15,14,1,22.756933
15,14,2,22.09506
15,14,3,22.334982
15,14,4,22.258156
15,14,5,22.070568
15,14,6,22.253378
15,15,1,22.24053
15,15,2,21.493547
15,15,3,21.751684
15,15,4,21.722374
15,15,5,21.473314
15,15,6,21.857172
15,16,1,22.352976
15,16,2,21.899973
15,16,3,22.08905
15,16,4,22.091642
15,16,5,21.877583
15,16,6,22.154438
15,17,1,22.274588
15,17,2,21.806015
15,17,3,21.997965
15,17,4,22.075037
15,17,5,21.747284
15,17,6,22.107924
15,18,1,21.601519
15,18,2,21.007914
15,18,3,21.193779
15,18,4,21.2888
15,18,5,20.926012
15,18,6,21.428883
15,19,1,22.526827
15,19,2,22.05227
15,19,3,22.181108
15,19,4,22.242342
15,19,5,21.975391
15,19,6,22.042498
15,20,1,22.840479
15,20,2,21.608973
15,20,3,22.056202
15,20,4,22.004244
15,20,5,21.658745
15,20,6,21.810596
15,21,1,22.733833
15,21,2,21.656437
15,21,3,22.099768
15,21,4,22.078178
15,21,5,21.755451
15,21,6,21.768475
15,22,1,22.507822
15,22,2,21.613192
15,22,3,21.957722
15,22,4,21.90704
15,22,5,21.657452
15,22,6,21.810234
15,23,1,22.475513
15,23,2,21.575521
15,23,3,21.931276
15,23,4,21.83945
15,23,5,21.634699
15,23,6,21.803692
16,0,1,22.631638
16,0,2,21.76102
16,0,3,22.132477
16,0,4,22.041416
16,0,5,21.84277
16,0,6,21.960026
16,1,1,22.807165
16,1,2,21.964972
16,1,3,22.341398
16,1,4,22.251877
16,1,5,22.057278
16,1,6,22.1373
16,2,1,22.35782
16,2,2,21.450367
16,2,3,21.83136
16,2,4,21.748426
16,2,5,21.518808
16,2,6,21.706537
16,3,1,22.711065
16,3,2,21.842451
16,3,3,22.241892
16,3,4,22.097294
16,3,5,21.927694
16,3,6,22.039772
16,4,1,22.950485
16,4,2,22.111423
16,4,3,22.498325
16,4,4,22.359402
16,4,5,22.202625
16,4,6,22.282768
16,5,1,23.00065
16,5,2,22.173714
16,5,3,22.546547
16,5,4,22.437035
16,5,5,22.267117
16,5,6,22.335423
16,6,1,22.360249
16,6,2,21.455004
16,6,3,21.82736
16,6,4,21.744356
16,6,5,21.516993
16,6,6,21.714825
16,7,1,22.93855
16,7,2,22.101192
16,7,3,22.496298
16,7,4,22.35003
16,7,5,22.197191
16,7,6,22.25992
16,8,1,22.775238
16,8,2,21.917952
16,8,3,22.295109
16,8,4,22.18705
16,8,5,22.00037
16,8,6,22.116507
16,9,1,23.808147
16,9,2,23.261469
16,9,3,23.640734
16,9,4,23.397772
16,9,5,23.360682
16,9,6,23.204275
16,10,1,22.832352
16,10,2,22.355019
16,10,3,22.60042
16,10,4,22.454475
16,10,5,22.294884
16,10,6,22.29951
16,11,1,23.029802
16,11,2,22.681532
16,11,3,22.8523
16,11,4,22.809286
16,11,5,22.61673
16,11,6,22.601982
16,12,1,22.8694
16,12,2,22.263887
16,12,3,22.51801
16,12,4,22.501019
16,12,5,22.256163
16,12,6,22.455717
16,13,1,22.4352
16,13,2,21.826653
16,13,3,22.081026
16,13,4,22.069437
16,13,5,21.796698
16,13,6,22.125908
16,14,1,22.349024
16,14,2,21.68656
16,14,3,21.945889
16,14,4,21.910376
16,14,5,21.66265
16,14,6,22.020603
16,15,1,22.328234
16,15,2,21.72986
16,15,3,21.968801
16,15,4,21.944971
16,15,5,21.707495
16,15,6,22.057787
16,16,1,22.414541
16,16,2,21.899088
16,16,3,22.113012
16,16,4,22.141088
16,16,5,21.859934
16,16,6,22.201685
16,17,1,22.530474
16,17,2,22.057898
16,17,3,22.25728
16,17,4,22.344576
16,17,5,22.00062
16,17,6,22.364874
16,18,1,21.90769
16,18,2,21.145212
16,18,3,21.359234
16,18,4,21.492542
16,18,5,21.061182
16,18,6,21.56758
16,19,1,21.879917
16,19,2,21.255478
16,19,3,21.367672
16,19,4,21.499489
16,19,5,21.138487
16,19,6,21.456589
16,20,1,23.548498
16,20,2,22.433018
16,20,3,22.89967
16,20,4,22.841291
16,20,5,22.555992
16,20,6,22.463366
16,21,1,22.287119
16,21,2,21.102009
16,21,3,21.506678
16,21,4,21.493294
16,21,5,21.121794
16,21,6,21.333277
16,22,1,22.98862
16,22,2,22.221428
16,22,3,22.55828
16,22,4,22.529404
16,22,5,22.30742
16,22,6,22.296227
16,23,1,23.175045
16,23,2,22.309795
16,23,3,22.634844
16,23,4,22.539185
16,23,5,22.360493
16,23,6,22.438576
17,0,1,23.06906
17,0,2,22.200941
17,0,3,22.489164
17,0,4,22.446972
17,0,5,22.221954
17,0,6,22.278913
17,1,1,23.073805
17,1,2,22.191225
17,1,3,22.501299
17,1,4,22.456877
17,1,5,22.223354
17,1,6,22.290354
17,2,1,22.845015
17,2,2,21.933477
17,2,3,22.245844
17,2,4,22.20351
17,2,5,21.953886
17,2,6,22.069918
17,3,1,23.1995
17,3,2,22.3888
17,3,3,22.708147
17,3,4,22.635618
17,3,5,22.45402
17,3,6,22.47867
17,4,1,22.627832
17,4,2,21.677507
17,4,3,21.978899
17,4,4,21.933739
17,4,5,21.674725
17,4,6,21.842073
17,5,1,22.482689
17,5,2,21.593199
17,5,3,21.935778
17,5,4,21.86268
17,5,5,21.63973
17,5,6,21.802197
17,6,1,23.138557
17,6,2,22.321558
17,6,3,22.678097
17,6,4,22.567984
17,6,5,22.421618
17,6,6,22.446316
17,7,1,23.188444
17,7,2,22.360092
17,7,3,22.679295
17,7,4,22.566961
17,7,5,22.428722
17,7,6,22.488554
17,8,1,22.741785
17,8,2,21.863111
17,8,3,22.16952
17,8,4,22.072609
17,8,5,21.892338
17,8,6,22.039534
17,9,1,23.084644
17,9,2,22.466751
17,9,3,22.800549
17,9,4,22.598969
17,9,5,22.525827
17,9,6,22.523657
17,10,1,22.701574
17,10,2,22.215155
17,10,3,22.455154
17,10,4,22.300163
17,10,5,22.134037
17,10,6,22.157143
17,11,1,22.804873
17,11,2,22.32838
17,11,3,22.541277
17,11,4,22.418682
17,11,5,22.27077
17,11,6,22.292564
17,12,1,22.808847
17,12,2,22.229109
17,12,3,22.449915
17,12,4,22.42017
17,12,5,22.18954
17,12,6,22.346956
17,13,1,22.612864
17,13,2,21.979877
17,13,3,22.2321
17,13,4,22.2061
17,13,5,21.966019
17,13,6,22.238634
17,14,1,22.410898
17,14,2,21.793737
17,14,3,22.043633
17,14,4,22.019733
17,14,5,21.763023
17,14,6,22.09164
17,15,1,22.524403
17,15,2,21.874275
17,15,3,22.132504
17,15,4,22.093567
17,15,5,21.866243
17,15,6,22.196966
17,16,1,22.402294
17,16,2,21.839067
17,16,3,22.06732
17,16,4,22.113415
17,16,5,21.787247
17,16,6,22.196276
17,17,1,22.366203
17,17,2,21.781202
17,17,3,21.992199
17,17,4,22.092392
17,17,5,21.706259
17,17,6,22.125261
17,18,1,21.673586
17,18,2,20.926113
17,18,3,21.12773
17,18,4,21.257803
17,18,5,20.825615
17,18,6,21.372128
17,19,1,22.25888
17,19,2,21.748938
17,19,3,21.85187
17,19,4,21.965242
17,19,5,21.666763
17,19,6,21.852093
17,20,1,23.0716
17,20,2,21.884594
17,20,3,22.323357
17,20,4,22.269493
17,20,5,21.945808
17,20,6,22.038723
17,21,1,22.54287
17,21,2,21.401226
17,21,3,21.838453
17,21,4,21.820618
17,21,5,21.472145
17,21,6,21.555183
17,22,1,22.71613
17,22,2,21.878008
17,22,3,22.220316
17,22,4,22.181076
17,22,5,21.941519
17,22,6,22.021254
17,23,1,22.519495
17,23,2,21.580317
17,23,3,21.930809
17,23,4,21.83463
17,23,5,21.619715
17,23,6,21.816286
18,0,1,22.670631
18,0,2,21.810274
18,0,3,22.167044
18,0,4,22.066973
18,0,5,21.886662
18,0,6,22.004232
18,1,1,22.874657
18,1,2,22.02036
18,1,3,22.384491
18,1,4,22.282888
18,1,5,22.106707
18,1,6,22.193157
18,2,1,23.110598
18,2,2,22.28042
18,2,3,22.63585
18,2,4,22.527637
18,2,5,22.372114
18,2,6,22.423365
18,3,1,22.251104
18,3,2,21.293512
18,3,3,21.644444
18,3,4,21.522957
18,3,5,21.327665
18,3,6,21.595657
18,4,1,23.422672
18,4,2,22.679712
18,4,3,23.05304
18,4,4,22.92898
18,4,5,22.800858
18,4,6,22.730206
18,5,1,22.500221
18,5,2,21.563368
18,5,3,21.888865
18,5,4,21.762926
18,5,5,21.59223
18,5,6,21.812977
18,6,1,23.014982
18,6,2,22.22848
18,6,3,22.593592
18,6,4,22.50414
18,6,5,22.328943
18,6,6,22.343672
18,7,1,23.130758
18,7,2,22.27691
18,7,3,22.634619
18,7,4,22.515121
18,7,5,22.364563
18,7,6,22.434608
18,8,1,23.16042
18,8,2,22.33114
18,8,3,22.66488
18,8,4,22.539112
18,8,5,22.40912
18,8,6,22.475357
18,9,1,23.101559
18,9,2,22.463305
18,9,3,22.786097
18,9,4,22.567997
18,9,5,22.510126
18,9,6,22.538446
18,10,1,22.67312
18,10,2,22.192095
18,10,3,22.426926
18,10,4,22.276579
18,10,5,22.111141
18,10,6,22.143974
18,11,1,22.617468
18,11,2,22.17604
18,11,3,22.371914
18,11,4,22.266748
18,11,5,22.09953
18,11,6,22.1507
18,12,1,22.759188
18,12,2,22.16718
18,12,3,22.389233
18,12,4,22.325815
18,12,5,22.112497
18,12,6,22.234814
18,13,1,22.544075
18,13,2,21.849995
18,13,3,22.098104
18,13,4,22.055607
18,13,5,21.821596
18,13,6,22.090696
18,14,1,22.593248
18,14,2,21.970167
18,14,3,22.208689
18,14,4,22.17119
18,14,5,21.951216
18,14,6,22.211735
18,15,1,22.555424
18,15,2,21.923084
18,15,3,22.17902
18,15,4,22.148254
18,15,5,21.911655
18,15,6,22.230797
18,16,1,22.36536
18,16,2,21.773083
18,16,3,22.012806
18,16,4,22.045954
18,16,5,21.730124
18,16,6,22.151337
18,17,1,22.35296
18,17,2,21.783741
18,17,3,21.99096
18,17,4,22.089228
18,17,5,21.70828
18,17,6,22.129177
18,18,1,21.908815
18,18,2,21.18567
18,18,3,21.384422
18,18,4,21.513391
18,18,5,21.09622
18,18,6,21.591127
18,19,1,22.10349
18,19,2,21.505302
18,19,3,21.617754
18,19,4,21.7461
18,19,5,21.401121
18,19,6,21.674438
18,20,1,22.832281
18,20,2,21.647802
18,20,3,22.08065
18,20,4,22.039589
18,20,5,21.698677
18,20,6,21.824762
18,21,1,22.744667
18,21,2,21.651323
18,21,3,22.099564
18,21,4,22.07219
18,21,5,21.75005
18,21,6,21.769405
18,22,1,22.504322
18,22,2,21.614574
18,22,3,21.957556
18,22,4,21.908667
18,22,5,21.65898
18,22,6,21.809557
18,23,1,22.704815
18,23,2,21.833054
18,23,3,22.186047
18,23,4,22.091805
18,23,5,21.903484
18,23,6,22.023794
19,0,1,22.919838
19,0,2,22.065758
19,0,3,22.418447
19,0,4,22.303333
19,0,5,22.146856
19,0,6,22.237663
19,1,1,22.698107
19,1,2,21.810251
19,1,3,22.15824
19,1,4,22.039602
19,1,5,21.872522
19,1,6,22.027103
19,2,1,22.865423
19,2,2,22.024662
19,2,3,22.38264
19,2,4,22.28563
19,2,5,22.109346
19,2,6,22.191742
19,3,1,22.6565
19,3,2,21.763842
19,3,3,22.126738
19,3,4,22.02106
19,3,5,21.83304
19,3,6,21.984003
19,4,1,22.801796
19,4,2,21.968012
19,4,3,22.340027
19,4,4,22.252638
19,4,5,22.058355
19,4,6,22.136013
19,5,1,22.815022
19,5,2,21.96607
19,5,3,22.340858
19,5,4,22.253714
19,5,5,22.057156
19,5,6,22.146826
19,6,1,22.81331
19,6,2,21.966728
19,6,3,22.340418
19,6,4,22.25404
19,6,5,22.057367
19,6,6,22.146315
19,7,1,22.813595
19,7,2,21.966635
19,7,3,22.340475
19,7,4,22.253994
19,7,5,22.057339
19,7,6,22.14641
19,8,1,23.272282
19,8,2,22.485418
19,8,3,22.852633
19,8,4,22.762268
19,8,5,22.598406
19,8,6,22.587843
19,9,1,22.86999
19,9,2,22.164972
19,9,3,22.51979
19,9,4,22.266375
19,9,5,22.218933
19,9,6,22.323326
19,10,1,22.735334
19,10,2,22.211447
19,10,3,22.499262
19,10,4,22.229357
19,10,5,22.148264
19,10,6,22.191439
19,11,1,22.967394
19,11,2,22.511513
19,11,3,22.74585
19,11,4,22.567217
19,11,5,22.464796
19,11,6,22.410723
19,12,1,22.559494
19,12,2,21.890068
19,12,3,22.130922
19,12,4,22.096981
19,12,5,21.841364
19,12,6,22.069777
19,13,1,22.764265
19,13,2,22.122597
19,13,3,22.359903
19,13,4,22.31098
19,13,5,22.106155
19,13,6,22.309896
19,14,1,22.622528
19,14,2,22.03365
19,14,3,22.281157
19,14,4,22.260866
19,14,5,22.01544
19,14,6,22.303743
19,15,1,22.36424
19,15,2,21.728678
19,15,3,21.989582
19,15,4,21.990408
19,15,5,21.696234
19,15,6,22.105036
19,16,1,22.487635
19,16,2,21.965307
19,16,3,22.177547
19,16,4,22.243446
19,16,5,21.899673
19,16,6,22.278374
19,17,1,22.132591
19,17,2,21.50826
19,17,3,21.730934
19,17,4,21.832146
19,17,5,21.425241
19,17,6,21.902506
19,18,1,22.100615
19,18,2,21.543945
19,18,3,21.714237
19,18,4,21.823124
19,18,5,21.466923
19,18,6,21.88894
19,19,1,22.520655
19,19,2,21.930899
19,19,3,22.063496
19,19,4,22.178507
19,19,5,21.855537
19,19,6,22.065807
19,20,1,22.977448
19,20,2,21.921774
19,20,3,22.261591
19,20,4,22.278683
19,20,5,21.917637
19,20,6,22.102823
19,21,1,22.711231
19,21,2,21.658176
19,21,3,22.00622
19,21,4,22.019571
19,21,5,21.667578
19,21,6,21.826494
19,22,1,22.795343
19,22,2,21.663887
19,22,3,22.109318
19,22,4,22.084543
19,22,5,21.749054
19,22,6,21.785858
19,23,1,22.593275
19,23,2,21.678776
19,23,3,22.01722
19,23,4,22.003227
19,23,5,21.711426
19,23,6,21.844503
20,0,1,22.957533
20,0,2,22.100359
20,0,3,22.445816
20,0,4,22.360216
20,0,5,22.169363
20,0,6,22.245716
20,1,1,22.832317
20,1,2,21.947697
20,1,3,22.279402
20,1,4,22.178247
20,1,5,21.995474
20,1,6,22.131071
20,2,1,22.690924
20,2,2,21.819672
20,2,3,22.15338
20,2,4,22.05684
20,2,5,21.872911
20,2,6,22.015587
20,3,1,22.643913
20,3,2,21.76924
20,3,3,22.118916
20,3,4,22.015228
20,3,5,21.835241
20,3,6,21.977028
20,4,1,22.85389
20,4,2,22.001184
20,4,3,22.363111
20,4,4,22.261915
20,4,5,22.086079
20,4,6,22.174541
20,5,1,22.74501
20,5,2,21.867481
20,5,3,22.22872
20,5,4,22.123882
20,5,5,21.9417
20,5,6,22.070564
20,6,1,22.80225
20,6,2,21.965525
20,6,3,22.331757
20,6,4,22.248672
20,6,5,22.053612
20,6,6,22.136808
20,7,1,22.78567
20,7,2,21.931181
20,7,3,22.302532
20,7,4,22.215069
20,7,5,22.017756
20,7,6,22.115421
20,8,1,23.023052
20,8,2,22.207506
20,8,3,22.576962
20,8,4,22.490814
20,8,5,22.308416
20,8,6,22.347885
20,9,1,22.919048
20,9,2,22.226042
20,9,3,22.598824
20,9,4,22.3695
20,9,5,22.31018
20,9,6,22.399162
20,10,1,22.354828
20,10,2,21.876923
20,10,3,22.12458
20,10,4,21.866957
20,10,5,21.798256
20,10,6,21.928816
20,11,1,22.995441
20,11,2,22.637817
20,11,3,22.851812
20,11,4,22.732126
20,11,5,22.567307
20,11,6,22.439003
20,12,1,22.38118
20,12,2,21.79851
20,12,3,22.03481
20,12,4,21.948414
20,12,5,21.729548
20,12,6,21.901638
20,13,1,22.50788
20,13,2,21.920277
20,13,3,22.140732
20,13,4,22.053675
20,13,5,21.864147
20,13,6,22.004883
20,14,1,22.25868
20,14,2,21.564775
20,14,3,21.797052
20,14,4,21.760262
20,14,5,21.539345
20,14,6,21.862453
20,15,1,22.43478
20,15,2,22.054358
20,15,3,22.193863
20,15,4,22.270731
20,15,5,21.999395
20,15,6,22.250748
20,16,1,22.971012
20,16,2,22.457897
20,16,3,22.61486
20,16,4,22.707651
20,16,5,22.37328
20,16,6,22.469501
20,17,1,21.827272
20,17,2,21.167814
20,17,3,21.406378
20,17,4,21.42469
20,17,5,21.147879
20,17,6,21.610453
20,18,1,22.22644
20,18,2,21.723503
20,18,3,21.828655
20,18,4,21.942017
20,18,5,21.645796
20,18,6,21.856335
20,19,1,22.469885
20,19,2,21.614511
20,19,3,21.917492
20,19,4,21.8952
20,19,5,21.633247
20,19,6,21.845045
20,20,1,22.915861
20,20,2,21.75521
20,20,3,22.20541
20,20,4,22.157799
20,20,5,21.83881
20,20,6,21.878325
20,21,1,22.875233
20,21,2,21.900927
20,21,3,22.283724
20,21,4,22.262257
20,21,5,21.970242
20,21,6,22.011662
20,22,1,22.730415
20,22,2,21.86656
20,22,3,22.194668
20,22,4,22.133942
20,22,5,21.909004
20,22,6,22.035446
20,23,1,22.468369
20,23,2,21.538881
20,23,3,21.880165
20,23,4,21.795761
20,23,5,21.571346
20,23,6,21.76573
21,0,1,22.874006
21,0,2,22.043777
21,0,3,22.399544
21,0,4,22.299942
21,0,5,22.132698
21,0,6,22.200874
21,1,1,22.932878
21,1,2,22.06476
21,1,3,22.41482
21,1,4,22.291082
21,1,5,22.140163
21,1,6,22.24737
21,2,1,22.465654
21,2,2,21.554272
21,2,3,21.902716
21,2,4,21.788137
21,2,5,21.604538
21,2,6,21.806444
21,3,1,22.56488
21,3,2,21.709225
21,3,3,22.084858
21,3,4,21.996378
21,3,5,21.78884
21,3,6,21.90596
21,4,1,22.766977
21,4,2,21.905989
21,4,3,22.294113
21,4,4,22.177391
21,4,5,21.994493
21,4,6,22.097515
21,5,1,22.540588
21,5,2,21.65354
21,5,3,22.03841
21,5,4,21.92879
21,5,5,21.727411
21,5,6,21.88651
21,6,1,22.716917
21,6,2,21.8487
21,6,3,22.24283
21,6,4,22.102188
21,6,5,21.930952
21,6,6,22.052341
21,7,1,22.722134
21,7,2,21.853964
21,7,3,22.243425
21,7,4,22.106592
21,7,5,21.933563
21,7,6,22.063305
21,8,1,22.725077
21,8,2,21.858229
21,8,3,22.246946
21,8,4,22.11019
21,8,5,21.937202
21,8,6,22.065786
21,9,1,22.848682
21,9,2,22.225016
21,9,3,22.629799
21,9,4,22.327381
21,9,5,22.26058
21,9,6,22.319983
21,10,1,22.182951
21,10,2,21.469677
21,10,3,21.826937
21,10,4,21.48205
21,10,5,21.405912
21,10,6,21.663832
21,11,1,22.49627
21,11,2,21.699774
21,11,3,22.040047
21,11,4,21.812473
21,11,5,21.64604
21,11,6,21.819452
21,12,1,22.479427
21,12,2,21.771664
21,12,3,22.04424
21,12,4,21.840952
21,12,5,21.695215
21,12,6,21.804749
21,13,1,22.496672
21,13,2,21.690922
21,13,3,21.945858
21,13,4,21.781452
21,13,5,21.646118
21,13,6,21.85445
21,14,1,22.404058
21,14,2,21.80318
21,14,3,22.039837
21,14,4,21.866484
21,14,5,21.730589
21,14,6,21.83363
21,15,1,22.028166
21,15,2,21.255266
21,15,3,21.505407
21,15,4,21.379904
21,15,5,21.212257
21,15,6,21.522017
21,16,1,22.141657
21,16,2,21.674631
21,16,3,21.857952
21,16,4,21.750364
21,16,5,21.576101
21,16,6,21.704927
21,17,1,21.978
21,17,2,21.347858
21,17,3,21.590229
21,17,4,21.45717
21,17,5,21.2895
21,17,6,21.518469
21,18,1,21.527142
21,18,2,21.053844
21,18,3,21.227581
21,18,4,21.163929
21,18,5,20.95043
21,18,6,21.266787
21,19,1,21.99563
21,19,2,21.448505
21,19,3,21.665943
21,19,4,21.62208
21,19,5,21.366852
21,19,6,21.497427
21,20,1,22.678123
21,20,2,21.65737
21,20,3,22.033257
21,20,4,21.981218
21,20,5,21.690134
21,20,6,21.852615
21,21,1,22.935625
21,21,2,22.109005
21,21,3,22.445015
21,21,4,22.3712
21,21,5,22.178886
21,21,6,22.241749
21,22,1,22.976095
21,22,2,22.099688
21,22,3,22.43262
21,22,4,22.326872
21,22,5,22.154099
21,22,6,22.264328
21,23,1,22.503002
21,23,2,21.591385
21,23,3,21.921476
21,23,4,21.826532
21,23,5,21.622578
21,23,6,21.82166
22,0,1,22.901623
22,0,2,22.06809
22,0,3,22.421648
22,0,4,22.317745
22,0,5,22.155107
22,0,6,22.224977
22,1,1,22.475477
22,1,2,21.549824
22,1,3,21.90462
22,1,4,21.78506
22,1,5,21.601717
22,1,6,21.808113
22,2,1,22.335136
22,2,2,21.451752
22,2,3,21.829998
22,2,4,21.74418
22,2,5,21.519869
22,2,6,21.685299
22,3,1,22.713295
22,3,2,21.841171
22,3,3,22.242285
22,3,4,22.096392
22,3,5,21.927074
22,3,6,22.039972
22,4,1,22.950119
22,4,2,22.111528
22,4,3,22.498285
22,4,4,22.359533
22,4,5,22.20268
22,4,6,22.282595
22,5,1,22.772493
22,5,2,21.915752
22,5,3,22.29186
22,5,4,22.184238
22,5,5,21.997892
22,5,6,22.115501
22,6,1,22.31238
22,6,2,21.396164
22,6,3,21.783375
22,6,4,21.675755
22,6,5,21.45832
22,6,6,21.667267
22,7,1,22.659697
22,7,2,21.78075
22,7,3,22.187796
22,7,4,22.018164
22,7,5,21.86042
22,7,6,21.98965
22,8,1,22.904087
22,8,2,22.055218
22,8,3,22.450005
22,8,4,22.285845
22,8,5,22.140661
22,8,6,22.237532
22,9,1,22.620474
22,9,2,21.967203
22,9,3,22.370487
22,9,4,22.073792
22,9,5,21.989372
22,9,6,22.105045
22,10,1,22.436722
22,10,2,21.804192
22,10,3,22.189337
22,10,4,21.801645
22,10,5,21.762016
22,10,6,21.951101
22,11,1,22.463577
22,11,2,21.76199
22,11,3,22.073322
22,11,4,21.837223
22,11,5,21.69873
22,11,6,21.831535
22,12,1,22.474033
22,12,2,21.796007
22,12,3,22.055744
22,12,4,21.86584
22,12,5,21.724281
22,12,6,21.838188
22,13,1,22.598595
22,13,2,21.871119
22,13,3,22.104887
22,13,4,21.954865
22,13,5,21.814928
22,13,6,21.962347
22,14,1,22.505844
22,14,2,21.804949
22,14,3,22.030195
22,14,4,21.907131
22,14,5,21.746359
22,14,6,21.91545
22,15,1,22.21808
22,15,2,21.481304
22,15,3,21.717125
22,15,4,21.613358
22,15,5,21.425684
22,15,6,21.689287
22,16,1,22.278845
22,16,2,21.637915
22,16,3,21.869204
22,16,4,21.750784
22,16,5,21.59513
22,16,6,21.797253
22,17,1,22.091879
22,17,2,21.523026
22,17,3,21.707272
22,17,4,21.672787
22,17,5,21.454807
22,17,6,21.730906
22,18,1,21.498592
22,18,2,21.081335
22,18,3,21.219936
22,18,4,21.24359
22,18,5,20.978998
22,18,6,21.349483
22,19,1,22.158966
22,19,2,21.63593
22,19,3,21.813189
22,19,4,21.816765
22,19,5,21.55547
22,19,6,21.665407
22,20,1,23.088028
22,20,2,21.868559
22,20,3,22.369154
22,20,4,22.281427
22,20,5,21.981798
22,20,6,22.00035
22,21,1,22.802101
22,21,2,21.941038
22,21,3,22.260162
22,21,4,22.247139
22,21,5,21.978935
22,21,6,22.064262
22,22,1,22.302868
22,22,2,21.349878
22,22,3,21.690258
22,22,4,21.61754
22,22,5,21.369745
22,22,6,21.602003
22,23,1,22.661978
22,23,2,21.807064
22,23,3,22.171267
22,23,4,22.077042
22,23,5,21.890945
22,23,6,21.992474
23,0,1,22.649433
23,0,2,21.76077
23,0,3,22.130554
23,0,4,22.029491
23,0,5,21.836649
23,0,6,21.97351
23,1,1,22.803644
23,1,2,21.966785
23,1,3,22.340601
23,1,4,22.252546
23,1,5,22.057957
23,1,6,22.136297
23,2,1,22.586555
23,2,2,21.70817
23,2,3,22.086136
23,2,4,22.001034
23,2,5,21.787962
23,2,6,21.926737
23,3,1,23.221193
23,3,2,22.42294
23,3,3,22.802998
23,3,4,22.68367
23,3,5,22.53338
23,3,6,22.536985
23,4,1,22.218233
23,4,2,21.252266
23,4,3,21.609783
23,4,4,21.498417
23,4,5,21.286455
23,4,6,21.55876
23,5,1,22.464048
23,5,2,21.585266
23,5,3,21.982975
23,5,4,21.840872
23,5,5,21.657581
23,5,6,21.803644
23,6,1,23.124743
23,6,2,22.301748
23,6,3,22.699701
23,6,4,22.528818
23,6,5,22.402151
23,6,6,22.44258
23,7,1,23.231754
23,7,2,22.434841
23,7,3,22.799961
23,7,4,22.69237
23,7,5,22.537058
23,7,6,22.562473
23,8,1,23.132044
23,8,2,22.289722
23,8,3,22.630022
23,8,4,22.512218
23,8,5,22.366821
23,8,6,22.438902
23,9,1,23.281311
23,9,2,22.657701
23,9,3,23.001957
23,9,4,22.758429
23,9,5,22.738583
23,9,6,22.736736
23,10,1,22.927626
23,10,2,22.515165
23,10,3,22.7321
23,10,4,22.603617
23,10,5,22.440872
23,10,6,22.423077
23,11,1,22.556295
23,11,2,22.136148
23,11,3,22.320532
23,11,4,22.287292
23,11,5,22.054415
23,11,6,22.156748
23,12,1,22.463161
23,12,2,21.823404
23,12,3,22.053251
23,12,4,21.994335
23,12,5,21.766563
23,12,6,21.975353
23,13,1,22.579775
23,13,2,21.999788
23,13,3,22.203268
23,13,4,22.162907
23,13,5,21.938805
23,13,6,22.117245
23,14,1,22.024855
23,14,2,21.233213
23,14,3,21.499378
23,14,4,21.460964
23,14,5,21.228724
23,14,6,21.67392
23,15,1,22.532137
23,15,2,22.182535
23,15,3,22.296465
23,15,4,22.379967
23,15,5,22.093824
23,15,6,22.259794
23,16,1,22.21951
23,16,2,21.719028
23,16,3,21.920813
23,16,4,21.939636
23,16,5,21.688051
23,16,6,21.99418
23,17,1,22.489983
23,17,2,22.033682
23,17,3,22.172987
23,17,4,22.267263
23,17,5,21.961477
23,17,6,22.160543
23,18,1,21.887077
23,18,2,21.411343
23,18,3,21.571814
23,18,4,21.61542
23,18,5,21.325018
23,18,6,21.666399
23,19,1,22.27109
23,19,2,21.753428
23,19,3,21.897236
23,19,4,21.945877
23,19,5,21.670515
23,19,6,21.805477
23,20,1,22.883898
23,20,2,21.62225
23,20,3,22.110687
23,20,4,22.033585
23,20,5,21.707586
23,20,6,21.79228
23,21,1,22.561674
23,21,2,21.68999
23,21,3,22.015226
23,21,4,22.01514
23,21,5,21.724014
23,21,6,21.839218
23,22,1,23.194998
23,22,2,22.354578
23,22,3,22.700964
23,22,4,22.608686
23,22,5,22.434608
23,22,6,22.4673
23,23,1,22.987936
23,23,2,22.136902
23,23,3,22.43112
23,23,4,22.352802
23,23,5,22.168766
23,23,6,22.250376
24,0,1,22.979385
24,0,2,22.131039
24,0,3,22.443983
24,0,4,22.365864
24,0,5,22.176092
24,0,6,22.25956
24,1,1,22.982851
24,1,2,22.128832
24,1,3,22.443605
24,1,4,22.362906
24,1,5,22.173687
24,1,6,22.260788
24,2,1,22.981407
24,2,2,22.129757
24,2,3,22.443419
24,2,4,22.363628
24,2,5,22.17446
24,2,6,22.26016
24,3,1,23.210148
24,3,2,22.387365
24,3,3,22.698193
24,3,4,22.616154
24,3,5,22.443405
24,3,6,22.480333
24,4,1,22.393763
24,4,2,21.423504
24,4,3,21.723259
24,4,4,21.682926
24,4,5,21.408628
24,4,6,21.6196
24,5,1,23.131746
24,5,2,22.35434
24,5,3,22.69893
24,5,4,22.616842
24,5,5,22.45484
24,5,6,22.450668
24,6,1,23.218554
24,6,2,22.359617
24,6,3,22.680052
24,6,4,22.56611
24,6,5,22.415882
24,6,6,22.487534
24,7,1,22.518288
24,7,2,21.631006
24,7,3,21.9192
24,7,4,21.852566
24,7,5,21.63774
24,7,6,21.803968
24,8,1,22.925995
24,8,2,22.10113
24,8,3,22.444946
24,8,4,22.352877
24,8,5,22.182293
24,8,6,22.2446
24,9,1,22.618616
24,9,2,22.02922
24,9,3,22.379875
24,9,4,22.084454
24,9,5,22.047928
24,9,6,22.159983
24,10,1,23.192003
24,10,2,22.775814
24,10,3,23.006079
24,10,4,22.84259
24,10,5,22.715544
24,10,6,22.625505
24,11,1,22.64325
24,11,2,22.164707
24,11,3,22.358871
24,11,4,22.361303
24,11,5,22.09134
24,11,6,22.229525
24,12,1,22.80079
24,12,2,22.164717
24,12,3,22.399002
24,12,4,22.352419
24,12,5,22.126156
24,12,6,22.293295
24,13,1,22.596382
24,13,2,21.90149
24,13,3,22.155241
24,13,4,22.121765
24,13,5,21.88073
24,13,6,22.162563
24,14,1,22.588491
24,14,2,21.94538
24,14,3,22.19682
24,14,4,22.160921
24,14,5,21.924818
24,14,6,22.225544
24,15,1,22.568684
24,15,2,21.959
24,15,3,22.21814
24,15,4,22.194681
24,15,5,21.943789
24,15,6,22.289309
24,16,1,22.232605
24,16,2,21.583118
24,16,3,21.830206
24,16,4,21.89217
24,16,5,21.508966
24,16,6,21.973198
24,17,1,22.299314
24,17,2,21.7765
24,17,3,21.977922
24,17,4,22.06671
24,17,5,21.696352
24,17,6,22.12145
24,18,1,21.862011
24,18,2,21.178104
24,18,3,21.382725
24,18,4,21.500376
24,18,5,21.093367
24,18,6,21.611372
24,19,1,22.315458
24,19,2,21.754765
24,19,3,21.866505
24,19,4,21.991001
24,19,5,21.66467
24,19,6,21.895485
24,20,1,23.24457
24,20,2,22.152828
24,20,3,22.536028
24,20,4,22.516037
24,20,5,22.189852
24,20,6,22.283804
24,21,1,22.47213
24,21,2,21.386753
24,21,3,21.737034
24,21,4,21.752934
24,21,5,21.383743
24,21,6,21.595335
24,22,1,22.531609
24,22,2,21.393602
24,22,3,21.858578
24,22,4,21.830847
24,22,5,21.487886
24,22,6,21.550684
24,23,1,22.703028
24,23,2,21.845175
24,23,3,22.200594
24,23,4,22.141794
24,23,5,21.915716
24,23,6,22.008694
25,0,1,22.718737
25,0,2,21.833904
25,0,3,22.182327
25,0,4,22.080751
25,0,5,21.897598
25,0,6,22.034714
25,1,1,22.687456
25,1,2,21.809824
25,1,3,22.16293
25,1,4,22.05184
25,1,5,21.878876
25,1,6,22.017113
25,2,1,22.869246
25,2,2,22.02283
25,2,3,22.383434
25,2,4,22.28455
25,2,5,22.108252
25,2,6,22.192312
25,3,1,22.883755
25,3,2,22.022066
25,3,3,22.381319
25,3,4,22.274261
25,3,5,22.102522
25,3,6,22.20373
25,4,1,22.65118
25,4,2,21.766045
25,4,3,22.125723
25,4,4,22.02274
25,4,5,21.834476
25,4,6,21.9831
25,5,1,22.802622
25,5,2,21.967758
25,5,3,22.340118
25,5,4,22.252327
25,5,5,22.058226
25,5,6,22.136406
25,6,1,22.814884
25,6,2,21.966122
25,6,3,22.340832
25,6,4,22.253746
25,6,5,22.057175
25,6,6,22.14677
25,7,1,23.041552
25,7,2,22.224657
25,7,3,22.595121
25,7,4,22.506817
25,7,5,22.326582
25,7,6,22.366266
25,8,1,22.900965
25,8,2,22.025776
25,8,3,22.383116
25,8,4,22.267801
25,8,5,22.100733
25,8,6,22.216595
25,9,1,22.571522
25,9,2,21.956041
25,9,3,22.339163
25,9,4,22.013794
25,9,5,21.984413
25,9,6,22.1112
25,10,1,22.984959
25,10,2,22.45889
25,10,3,22.757042
25,10,4,22.486214
25,10,5,22.41428
25,10,6,22.414177
25,11,1,22.34052
25,11,2,21.790745
25,11,3,22.012262
25,11,4,21.898746
25,11,5,21.706736
25,11,6,21.83519
25,12,1,22.420937
25,12,2,21.811268
25,12,3,22.055933
25,12,4,21.923359
25,12,5,21.752268
25,12,6,21.89017
25,13,1,22.568563
25,13,2,21.886765
25,13,3,22.124168
25,13,4,22.029966
25,13,5,21.838306
25,13,6,22.023458
25,14,1,22.557335
25,14,2,21.850597
25,14,3,22.09622
25,14,4,22.014437
25,14,5,21.819815
25,14,6,22.057503
25,15,1,22.47007
25,15,2,21.78096
25,15,3,22.02308
25,15,4,21.972427
25,15,5,21.757393
25,15,6,22.03633
25,16,1,22.287226
25,16,2,21.707663
25,16,3,21.931267
25,16,4,21.918486
25,16,5,21.690868
25,16,6,22.023277
25,17,1,22.24086
25,17,2,21.791544
25,17,3,21.97338
25,17,4,22.038494
25,17,5,21.734713
25,17,6,22.07232
25,18,1,21.986187
25,18,2,21.47477
25,18,3,21.658733
25,18,4,21.729942
25,18,5,21.410992
25,18,6,21.831078
25,19,1,22.227428
25,19,2,21.700373
25,19,3,21.820612
25,19,4,21.926596
25,19,5,21.624754
25,19,6,21.841097
25,20,1,23.069221
25,20,2,21.887827
25,20,3,22.324232
25,20,4,22.271322
25,20,5,21.948671
25,20,6,22.039587
25,21,1,22.772137
25,21,2,21.658522
25,21,3,22.09307
25,21,4,22.072678
25,21,5,21.740732
25,21,6,21.775116
25,22,1,22.596352
25,22,2,21.677942
25,22,3,22.0178
25,22,4,22.002506
25,22,5,21.710651
25,22,6,21.844782
25,23,1,22.50031
25,23,2,21.584791
25,23,3,21.93639
25,23,4,21.855051
25,23,5,21.631271
25,23,6,21.805683
26,0,1,22.677206
26,0,2,21.807343
26,0,3,22.16813
26,0,4,22.064617
26,0,5,21.88464
26,0,6,22.005404
26,1,1,22.872946
26,1,2,22.020899
26,1,3,22.384277
26,1,4,22.283619
26,1,5,22.107182
26,1,6,22.192783
26,2,1,22.426392
26,2,2,21.506454
26,2,3,21.871813
26,2,4,21.769104
26,2,5,21.564335
26,2,6,21.763626
26,3,1,22.980042
26,3,2,22.164684
26,3,3,22.546385
26,3,4,22.427782
26,3,5,22.263622
26,3,6,22.304289
26,4,1,22.591335
26,4,2,21.711267
26,4,3,22.083408
26,4,4,21.99766
26,4,5,21.785898
26,4,6,21.934372
26,5,1,22.535568
26,5,2,21.649866
26,5,3,22.038609
26,5,4,21.925423
26,5,5,21.725994
26,5,6,21.877115
26,6,1,22.945353
26,6,2,22.106245
26,6,3,22.497665
26,6,4,22.354914
26,6,5,22.200018
26,6,6,22.271982
26,7,1,22.544388
26,7,2,21.65751
26,7,3,22.037376
26,7,4,21.931545
26,7,5,21.728615
26,7,6,21.895245
26,8,1,23.406029
26,8,2,22.628675
26,8,3,23.012331
26,8,4,22.86594
26,8,5,22.744
26,8,6,22.71562
26,9,1,22.13221
26,9,2,21.495325
26,9,3,21.87826
26,9,4,21.502424
26,9,5,21.484497
26,9,6,21.734106
26,10,1,23.220152
26,10,2,22.662315
26,10,3,22.986439
26,10,4,22.685442
26,10,5,22.64314
26,10,6,22.623823
26,11,1,22.581177
26,11,2,22.04843
26,11,3,22.270607
26,11,4,22.158226
26,11,5,21.972145
26,11,6,22.052336
26,12,1,22.708633
26,12,2,22.095428
26,12,3,22.335564
26,12,4,22.242176
26,12,5,22.049871
26,12,6,22.18207
26,13,1,22.546623
26,13,2,21.851725
26,13,3,22.099916
26,13,4,22.051622
26,13,5,21.822317
26,13,6,22.086565
26,14,1,22.569897
26,14,2,21.909176
26,14,3,22.15219
26,14,4,22.111546
26,14,5,21.890055
26,14,6,22.165215
26,15,1,22.29478
26,15,2,21.639107
26,15,3,21.893848
26,15,4,21.866865
26,15,5,21.618612
26,15,6,21.996122
26,16,1,22.608908
26,16,2,22.126122
26,16,3,22.333591
26,16,4,22.354755
26,16,5,22.101507
26,16,6,22.39763
26,17,1,22.621534
26,17,2,22.04165
26,17,3,22.261816
26,17,4,22.362745
26,17,5,21.979465
26,17,6,22.344141
26,18,1,21.873112
26,18,2,21.077127
26,18,3,21.303638
26,18,4,21.43703
26,18,5,20.99063
26,18,6,21.533243
26,19,1,22.138828
26,19,2,21.488356
26,19,3,21.603462
26,19,4,21.750275
26,19,5,21.372257
26,19,6,21.674496
26,20,1,22.785252
26,20,2,21.657547
26,20,3,22.039923
26,20,4,22.028454
26,20,5,21.672794
26,20,6,21.850765
26,21,1,22.551807
26,21,2,21.412899
26,21,3,21.85314
26,21,4,21.837942
26,21,5,21.485956
26,21,6,21.56468
26,22,1,22.717733
26,22,2,21.87734
26,22,3,22.2201
26,22,4,22.180079
26,22,5,21.940565
26,22,6,22.021875
26,23,1,23.203583
26,23,2,22.354368
26,23,3,22.694862
26,23,4,22.593193
26,23,5,22.427603
26,23,6,22.476027
27,0,1,23.211205
27,0,2,22.398546
27,0,3,22.684786
27,0,4,22.607435
27,0,5,22.44068
27,0,6,22.467854
27,1,1,23.078476
27,1,2,22.197693
27,1,3,22.48789
27,1,4,22.44169
27,1,5,22.21688
27,1,6,22.279604
27,2,1,22.842003
27,2,2,21.935276
27,2,3,22.246277
27,2,4,22.205889
27,2,5,21.955956
27,2,6,22.069082
27,3,1,23.200647
27,3,2,22.388334
27,3,3,22.708233
27,3,4,22.635162
27,3,5,22.453533
27,3,6,22.478882
27,4,1,23.08392
27,4,2,22.193598
27,4,3,22.488228
27,4,4,22.439407
27,4,5,22.213326
27,4,6,22.281805
27,5,1,23.068018
27,5,2,22.194418
27,5,3,22.500668
27,5,4,22.459604
27,5,5,22.226208
27,5,6,22.288189
27,6,1,22.619032
27,6,2,21.67428
27,6,3,21.991476
27,6,4,21.94979
27,6,5,21.683607
27,6,6,21.850866
27,7,1,22.714958
27,7,2,21.849215
27,7,3,22.190155
27,7,4,22.112732
27,7,5,21.906658
27,7,6,22.023106
27,8,1,22.717037
27,8,2,21.844135
27,8,3,22.187666
27,8,4,22.087933
27,8,5,21.906487
27,8,6,22.037624
27,9,1,22.836884
27,9,2,22.409292
27,9,3,22.719696
27,9,4,22.367323
27,9,5,22.38306
27,9,6,22.398817
27,10,1,23.032022
27,10,2,22.702013
27,10,3,22.899048
27,10,4,22.77092
27,10,5,22.63071
27,10,6,22.548807
27,11,1,22.88282
27,11,2,22.421015
27,11,3,22.618683
27,11,4,22.611652
27,11,5,22.361593
27,11,6,22.449608
27,12,1,22.85121
27,12,2,22.221497
27,12,3,22.473072
27,12,4,22.441786
27,12,5,22.208149
27,12,6,22.405941
27,13,1,22.63608
27,13,2,21.995016
27,13,3,22.254528
27,13,4,22.22871
27,13,5,21.973585
27,13,6,22.26812
27,14,1,22.817999
27,14,2,22.199457
27,14,3,22.462673
27,14,4,22.429348
27,14,5,22.192057
27,14,6,22.483463
27,15,1,22.401917
27,15,2,21.675465
27,15,3,21.954973
27,15,4,22.001701
27,15,5,21.619196
27,15,6,22.078741
27,16,1,22.564486
27,16,2,21.957726
27,16,3,22.185528
27,16,4,22.280727
27,16,5,21.877573
27,16,6,22.2873
27,17,1,22.428587
27,17,2,21.65077
27,17,3,21.894718
27,17,4,22.016886
27,17,5,21.566376
27,17,6,22.011414
27,18,1,21.917105
27,18,2,21.068756
27,18,3,21.283453
27,18,4,21.426952
27,18,5,20.967424
27,18,6,21.498766
27,19,1,22.398909
27,19,2,21.688341
27,19,3,21.809034
27,19,4,21.966768
27,19,5,21.577026
27,19,6,21.84376
27,20,1,22.657192
27,20,2,21.673107
27,20,3,21.954948
27,20,4,22.017265
27,20,5,21.623878
27,20,6,21.89589
27,21,1,22.724669
27,21,2,21.670689
27,21,3,22.023474
27,21,4,22.038507
27,21,5,21.682598
27,21,6,21.838478
27,22,1,22.111115
27,22,2,20.888702
27,22,3,21.344347
27,22,4,21.324635
27,22,5,20.939987
27,22,6,21.125673
27,23,1,22.64144
27,23,2,21.829454
27,23,3,22.198784
27,23,4,22.145115
27,23,5,21.927423
27,23,6,21.98025
28,0,1,22.938597
28,0,2,22.05671
28,0,3,22.42194
28,0,4,22.297127
28,0,5,22.141098
28,0,6,22.240538
28,1,1,22.46513
28,1,2,21.553814
28,1,3,21.902966
28,1,4,21.788914
28,1,5,21.60465
28,1,6,21.806078
28,2,1,22.793232
28,2,2,21.967068
28,2,3,22.339588
28,2,4,22.249144
28,2,5,22.058023
28,2,6,22.12593
28,3,1,23.044014
28,3,2,22.223658
28,3,3,22.595827
28,3,4,22.50633
28,3,5,22.32627
28,3,6,22.36691
28,4,1,22.896568
28,4,2,22.021124
28,4,3,22.378416
28,4,4,22.26351
28,4,5,22.096495
28,4,6,22.213873
28,5,1,22.190641
28,5,2,21.251987
28,5,3,21.615494
28,5,4,21.51838
28,5,5,21.297163
28,5,6,21.542543
28,6,1,22.925764
28,6,2,22.098185
28,6,3,22.493229
28,6,4,22.344988
28,6,5,22.194702
28,6,6,22.244795
28,7,1,22.77401
28,7,2,21.914455
28,7,3,22.292734
28,7,4,22.184116
28,7,5,21.997557
28,7,6,22.115017
28,8,1,23.687626
28,8,2,22.951513
28,8,3,23.318958
28,8,4,23.199772
28,8,5,23.080652
28,8,6,22.990955
28,9,1,22.349358
28,9,2,21.895535
28,9,3,22.156307
28,9,4,21.838676
28,9,5,21.809208
28,9,6,21.942425
28,10,1,22.748894
28,10,2,22.261454
28,10,3,22.507969
28,10,4,22.341433
28,10,5,22.183125
28,10,6,22.185522
28,11,1,22.583841
28,11,2,22.06488
28,11,3,22.286465
28,11,4,22.162905
28,11,5,21.99683
28,11,6,22.065714
28,12,1,22.69178
28,12,2,22.081722
28,12,3,22.315277
28,12,4,22.234787
28,12,5,22.036432
28,12,6,22.176939
28,13,1,22.580599
28,13,2,21.910984
28,13,3,22.152096
28,13,4,22.109716
28,13,5,21.87803
28,13,6,22.120905
28,14,1,22.542324
28,14,2,21.848381
28,14,3,22.098291
28,14,4,22.05728
28,14,5,21.832098
28,14,6,22.127625
28,15,1,22.332985
28,15,2,21.734324
28,15,3,21.973806
28,15,4,21.955355
28,15,5,21.709991
28,15,6,22.060925
28,16,1,22.408989
28,16,2,21.887316
28,16,3,22.103846
28,16,4,22.127787
28,16,5,21.85008
28,16,6,22.192436
28,17,1,22.560871
28,17,2,22.09937
28,17,3,22.295721
28,17,4,22.382143
28,17,5,22.036345
28,17,6,22.381525
28,18,1,21.84458
28,18,2,21.13918
28,18,3,21.360243
28,18,4,21.479025
28,18,5,21.060625
28,18,6,21.596937
28,19,1,22.303345
28,19,2,21.755283
28,19,3,21.865213
28,19,4,21.98971
28,19,5,21.666231
28,19,6,21.898315
28,20,1,22.56145
28,20,2,21.378017
28,20,3,21.77199
28,20,4,21.757147
28,20,5,21.381289
28,20,6,21.624155
28,21,1,22.738579
28,21,2,21.659916
28,21,3,22.110676
28,21,4,22.091026
28,21,5,21.764526
28,21,6,21.768923
28,22,1,22.509398
28,22,2,21.612335
28,22,3,21.957829
28,22,4,21.90667
28,22,5,21.65665
28,22,6,21.810528
28,23,1,22.703268
28,23,2,21.833624
28,23,3,22.18595
28,23,4,22.092432
28,23,5,21.9041
28,23,6,22.023571
29,0,1,22.92025
29,0,2,22.065619
29,0,3,22.418493
29,0,4,22.30314
29,0,5,22.14673
29,0,6,22.237751
29,1,1,22.469782
29,1,2,21.552353
29,1,3,21.903528
29,1,4,21.786867
29,1,5,21.603336
29,1,6,21.807135
29,2,1,22.79246
29,2,2,21.967356
29,2,3,22.33949
29,2,4,22.249409
29,2,5,22.05816
29,2,6,22.125605
29,3,1,22.587702
29,3,2,21.707739
29,3,3,22.086452
29,3,4,22.000734
29,3,5,21.787817
29,3,6,21.927073
29,4,1,22.76459
29,4,2,21.90712
29,4,3,22.293577
29,4,4,22.178164
29,4,5,21.994972
29,4,6,22.097023
29,5,1,22.76918
29,5,2,21.911366
29,5,3,22.29316
29,5,4,22.181446
29,5,5,21.996574
29,5,6,22.106628
29,6,1,22.99717
29,6,2,22.169655
29,6,3,22.547659
29,6,4,22.43419
29,6,5,22.26589
29,6,6,22.326822
29,7,1,22.81696
29,7,2,21.970526
29,7,3,22.337072
29,7,4,22.250301
29,7,5,22.055462
29,7,6,22.154455
29,8,1,23.503372
29,8,2,22.748945
29,8,3,23.111551
29,8,4,23.019434
29,8,5,22.872211
29,8,6,22.81042
29,9,1,22.142632
29,9,2,21.657272
29,9,3,21.922958
29,9,4,21.606003
29,9,5,21.560059
29,9,6,21.735025
29,10,1,22.683697
29,10,2,22.098917
29,10,3,22.399803
29,10,4,22.197668
29,10,5,22.034204
29,10,6,22.062069
29,11,1,22.762539
29,11,2,22.245024
29,11,3,22.494526
29,11,4,22.307981
29,11,5,22.194952
29,11,6,22.202333
29,12,1,22.712833
29,12,2,22.09461
29,12,3,22.334194
29,12,4,22.24877
29,12,5,22.045893
29,12,6,22.18542
29,13,1,22.825674
29,13,2,22.173784
29,13,3,22.41585
29,13,4,22.364391
29,13,5,22.149736
29,13,6,22.341135
29,14,1,22.338469
29,14,2,21.579647
29,14,3,21.846678
29,14,4,21.814875
29,14,5,21.543434
29,14,6,21.926344
29,15,1,22.292933
29,15,2,21.62931
29,15,3,21.876423
29,15,4,21.834282
29,15,5,21.602646
29,15,6,21.966188
29,16,1,22.536936
29,16,2,22.01066
29,16,3,22.234983
29,16,4,22.218815
29,16,5,22.003325
29,16,6,22.304445
29,17,1,22.316454
29,17,2,21.753153
29,17,3,21.971739
29,17,4,22.066645
29,17,5,21.678282
29,17,6,22.107376
29,18,1,21.844898
29,18,2,21.18533
29,18,3,21.389256
29,18,4,21.502348
29,18,5,21.100853
29,18,6,21.624563
29,19,1,22.298635
29,19,2,21.746151
29,19,3,21.860094
29,19,4,21.982838
29,19,5,21.658781
29,19,6,21.895885
29,20,1,22.789175
29,20,2,21.636597
29,20,3,22.026855
29,20,4,22.010298
29,20,5,21.651083
29,20,6,21.844244
29,21,1,23.002892
29,21,2,21.932533
29,21,3,22.363153
29,21,4,22.347324
29,21,5,22.027988
29,21,6,22.004818
29,22,1,22.549913
29,22,2,21.371944
29,22,3,21.836025
29,22,4,21.789196
29,22,5,21.455017
29,22,6,21.551207
29,23,1,22.462467
29,23,2,21.592422
29,23,3,21.945194
29,23,4,21.893978
29,23,5,21.651846
29,23,6,21.786154
30,0,1,22.689754
30,0,2,21.801714
30,0,3,22.170156
30,0,4,22.060013
30,0,5,21.880726
30,0,6,22.007639
30,1,1,22.641447
30,1,2,21.763996
30,1,3,22.129168
30,1,4,22.03224
30,1,5,21.838873
30,1,6,21.97212
30,2,1,22.804909
30,2,2,21.966383
30,2,3,22.340744
30,2,4,22.25208
30,2,5,22.057753
30,2,6,22.136887
30,3,1,22.58635
30,3,2,21.708248
30,3,3,22.086096
30,3,4,22.001087
30,3,5,21.787994
30,3,6,21.926655
30,4,1,22.764788
30,4,2,21.907053
30,4,3,22.293606
30,4,4,22.178097
30,4,5,21.99494
30,4,6,22.097107
30,5,1,22.769148
30,5,2,21.911377
30,5,3,22.293154
30,5,4,22.181454
30,5,5,21.99658
30,5,6,22.106617
30,6,1,22.540735
30,6,2,21.653776
30,6,3,22.03826
30,6,4,21.928623
30,6,5,21.727453
30,6,6,21.886932
30,7,1,22.716883
30,7,2,21.848736
30,7,3,22.242813
30,7,4,22.10218
30,7,5,21.930964
30,7,6,22.052351
30,8,1,23.413689
30,8,2,22.636457
30,8,3,23.015827
30,8,4,22.87305
30,8,5,22.7491
30,8,6,22.727816
30,9,1,22.145567
30,9,2,21.6477
30,9,3,21.969238
30,9,4,21.570726
30,9,5,21.567282
30,9,6,21.766535
30,10,1,22.343512
30,10,2,21.697546
30,10,3,22.019041
30,10,4,21.761131
30,10,5,21.62617
30,10,6,21.76681
30,11,1,23.207361
30,11,2,22.664553
30,11,3,22.950737
30,11,4,22.710762
30,11,5,22.636751
30,11,6,22.5554
30,12,1,22.491682
30,12,2,21.827723
30,12,3,22.072523
30,12,4,22.00106
30,12,5,21.761562
30,12,6,21.967688
30,13,1,22.575935
30,13,2,21.90153
30,13,3,22.14015
30,13,4,22.065208
30,13,5,21.858822
30,13,6,22.065813
30,14,1,22.77725
30,14,2,22.11246
30,14,3,22.356434
30,14,4,22.294823
30,14,5,22.096634
30,14,6,22.304968
30,15,1,22.566362
30,15,2,21.89494
30,15,3,22.152712
30,15,4,22.123516
30,15,5,21.875956
30,15,6,22.196192
30,16,1,22.280024
30,16,2,21.648094
30,16,3,21.902084
30,16,4,21.903011
30,16,5,21.622427
30,16,6,22.055761
30,17,1,22.359337
30,17,2,21.843653
30,17,3,22.042635
30,17,4,22.132713
30,17,5,21.763283
30,17,6,22.172565
30,18,1,22.077894
30,18,2,21.434422
30,18,3,21.63943
30,18,4,21.752268
30,18,5,21.36246
30,18,6,21.838326
30,19,1,22.338242
30,19,2,21.675898
30,19,3,21.812315
30,19,4,21.950598
30,19,5,21.581272
30,19,6,21.86084
30,20,1,22.951975
30,20,2,21.914976
30,20,3,22.244991
30,20,4,22.266241
30,20,5,21.90681
30,20,6,22.091333
30,21,1,22.486416
30,21,2,21.399467
30,21,3,21.75243
30,21,4,21.76627
30,21,5,21.397783
30,21,6,21.607262
30,22,1,22.531364
30,22,2,21.393425
30,22,3,21.857946
30,22,4,21.830006
30,22,5,21.487375
30,22,6,21.550714
30,23,1,22.702919
30,23,2,21.845232
30,23,3,22.20058
30,23,4,22.141811
30,23,5,21.915764
30,23,6,22.008667
